-- phpMyAdmin SQL Dump
-- version 5.1.1
-- https://www.phpmyadmin.net/
--
-- Host: 127.0.0.1
-- Generation Time: Oct 27, 2021 at 09:33 AM
-- Server version: 10.4.19-MariaDB
-- PHP Version: 8.0.7

SET SQL_MODE = "NO_AUTO_VALUE_ON_ZERO";
START TRANSACTION;
SET time_zone = "+00:00";


/*!40101 SET @OLD_CHARACTER_SET_CLIENT=@@CHARACTER_SET_CLIENT */;
/*!40101 SET @OLD_CHARACTER_SET_RESULTS=@@CHARACTER_SET_RESULTS */;
/*!40101 SET @OLD_COLLATION_CONNECTION=@@COLLATION_CONNECTION */;
/*!40101 SET NAMES utf8mb4 */;

--
-- Database: `inventorymanagement`
--

-- --------------------------------------------------------

--
-- Table structure for table `bank`
--

CREATE TABLE `bank` (
  `bank_id` int(30) NOT NULL,
  `bank_code` varchar(30) DEFAULT NULL,
  `bank_name` varchar(100) DEFAULT NULL
) ENGINE=InnoDB DEFAULT CHARSET=utf8;

--
-- Dumping data for table `bank`
--

INSERT INTO `bank` (`bank_id`, `bank_code`, `bank_name`) VALUES
(1, 'BDO BANK', 'BDO BANK'),
(2, 'METROBANK', 'METROBANK'),
(3, 'PNB(ALLIED)', 'PNB(ALLIED)'),
(4, 'CHINABANK', 'CHINABANK'),
(5, 'EASTWEST BANK', 'EASTWEST BANK'),
(6, 'BPI', 'BPI'),
(7, 'ROBINSON`S BANK', 'ROBINSON`S BANK'),
(8, 'UNIONBANK', 'UNIONBANK'),
(9, 'PSBank', 'PSBank'),
(10, 'SECURITY BANK', 'SECURITY BANK'),
(11, 'LANDBANK', 'LANDBANK');

-- --------------------------------------------------------

--
-- Table structure for table `cheque_payment`
--

CREATE TABLE `cheque_payment` (
  `cheque_payment_id` int(11) NOT NULL,
  `order_payment_id` int(11) NOT NULL,
  `cheque_number` varchar(255) NOT NULL,
  `cheque_date` text NOT NULL,
  `cheque_amount` float NOT NULL,
  `bank_id` int(11) NOT NULL
) ENGINE=InnoDB DEFAULT CHARSET=utf8mb4;

--
-- Dumping data for table `cheque_payment`
--

INSERT INTO `cheque_payment` (`cheque_payment_id`, `order_payment_id`, `cheque_number`, `cheque_date`, `cheque_amount`, `bank_id`) VALUES
(1, 4, '1234567890', '2021-10-13', 700, 2),
(2, 5, '1234567890', '2021-10-30', 700, 1),
(3, 16, '', '', 100, 0);

-- --------------------------------------------------------

--
-- Table structure for table `class_tb`
--

CREATE TABLE `class_tb` (
  `class_id` int(250) NOT NULL,
  `class_name` varchar(250) DEFAULT NULL
) ENGINE=InnoDB DEFAULT CHARSET=utf8mb4;

--
-- Dumping data for table `class_tb`
--

INSERT INTO `class_tb` (`class_id`, `class_name`) VALUES
(1, '104'),
(2, '107'),
(3, '116'),
(4, '128'),
(5, '158'),
(6, '202'),
(7, '266'),
(8, '268'),
(9, '303'),
(10, '315'),
(11, '332'),
(12, '335'),
(13, '393'),
(14, '403'),
(15, '407'),
(16, '447'),
(17, '467'),
(18, '473'),
(19, '501'),
(20, '502'),
(21, '505'),
(22, '507'),
(23, '524'),
(24, '527'),
(25, '529'),
(26, '531'),
(27, '535'),
(28, '612'),
(29, '622'),
(30, '627'),
(31, '667'),
(32, '701'),
(33, '737'),
(34, '777'),
(35, '801'),
(36, '802'),
(37, '816'),
(38, '830'),
(39, '881'),
(40, '902'),
(41, '914'),
(42, '1021'),
(43, '4111'),
(44, '4622'),
(45, '6133'),
(46, '6136'),
(47, '7706'),
(48, '7715'),
(49, '7859'),
(50, '7869'),
(51, '10539'),
(52, '11526'),
(53, '12805'),
(54, '13136'),
(55, '13502'),
(56, '13503'),
(57, '13528'),
(58, '14128'),
(59, '14667'),
(60, '14878'),
(61, '17332'),
(62, '17528'),
(63, '19129'),
(64, '19136'),
(65, '78525'),
(66, '79901'),
(67, '80536'),
(68, '83630'),
(69, '87489'),
(70, '87901'),
(71, '88322'),
(72, '88325'),
(73, '88488'),
(74, '88511'),
(75, '88525'),
(76, '88558'),
(77, '88806'),
(78, '88937'),
(79, '88987'),
(80, '90528'),
(81, '91503'),
(82, '93808'),
(83, '13446'),
(84, '13467A'),
(85, '13467B'),
(86, '13467D'),
(87, '13467E'),
(88, '622STN'),
(89, 'CLEAR'),
(90, 'CR886A'),
(91, 'CR886B'),
(92, 'DC14523A'),
(93, 'DC816'),
(94, 'DC816A'),
(95, 'DC886I'),
(96, 'DC886II'),
(97, 'GREEN1'),
(98, 'IR001'),
(99, 'IR004'),
(100, 'IR005'),
(101, 'IR14004'),
(102, 'IR14004A'),
(103, 'NOVAGLASS'),
(104, 'SUPPLIES'),
(105, 'WSTP'),
(106, 'FABRICATED ITEMS'),
(107, 'RAWMATS'),
(108, 'RT'),
(109, 'MIS'),
(110, 'SERVICES'),
(111, '000 UV'),
(112, 'L'),
(113, 'L Size'),
(114, '3mmT L size'),
(115, '622 UV'),
(116, 'LAYOUT FEE'),
(117, 'PRCG'),
(118, '468'),
(119, '531 UV'),
(120, '88667'),
(121, '881W'),
(122, '881 STN'),
(123, '96632'),
(124, 'TRED'),
(125, 'SILVER'),
(126, 'GOLD'),
(127, '06136'),
(128, 'DC14524'),
(129, 'DC14523'),
(130, 'DC14523-B'),
(131, 'DC568A'),
(132, '04111'),
(133, '19121'),
(134, 'EC:PINK'),
(135, 'ADMIN SUPPLIES'),
(136, 'OFFICE SUPPLIES'),
(137, 'PACKAGING SUPPLIES'),
(138, 'GENERAL SUPPLIES'),
(139, 'FABRICATION SUPPLIES'),
(140, 'TOOLS & EQUIPMENT'),
(141, 'ELECTRICAL SUPPLIES'),
(142, 'BUFFING SUPPLIES'),
(143, 'HARDWARE SUPPLIES'),
(144, 'BEARING'),
(145, 'GEN/PROCESSING'),
(146, 'BOILER'),
(147, 'AUTOMOTIVE'),
(148, 'OIL SEAL'),
(149, 'MACHINE PART/GENSET 1'),
(150, 'MACHINE PART'),
(151, 'TIRE SUPPLIES'),
(152, 'PLUMBING SUPPLIES'),
(153, 'GAUGE/LEVEL/SENSOR'),
(154, 'MACHINE PART/LOADCAR'),
(155, 'ANTI-STATIC'),
(156, 'RAW MATERIAL/ACRYL:OPACIFIER'),
(157, 'ELASTOMER/CHLORINATED POLYETHYLENE'),
(158, 'COLORANT/TiO2-RUTILE'),
(159, 'COLORANT/PEARL ESSENCE'),
(160, 'OPTICAL BRIGHTENER'),
(161, 'COLORANT/DYESTUFF:VLT'),
(162, 'PROCESSING AID/ACRY'),
(163, 'FAB SUPPLIES/AQUASOUND PART'),
(164, 'CRATING SUPPLIES'),
(165, 'LUBRICANT/EXTERNAL-FG'),
(166, 'PROCESSING AID/ACRY-LUBRICANT'),
(167, 'FAB SUPPLIES/WSHLD PART'),
(168, 'COLORANT/PIGMENT:GRN'),
(169, 'BLUING AGENT/ULTRAMARINE BLUE'),
(170, 'LUBRICANT/STEARATE:STEARIC ACID'),
(171, 'COLORANT/PIGMENT:YEL'),
(172, 'LUBRICANT/STEARATE'),
(173, 'COLORANT/PIGMENT:RED'),
(174, 'COLORANT/PIGMENT:MSTER BATCH-BRW'),
(175, 'LUBRICANT'),
(176, 'COLORANT/PIGMENT:CARBON BLACK'),
(177, 'COLORANT/ACRY TONER:WHT'),
(178, 'FILLER/CLAY'),
(179, 'COLORANT/PIGMENT:MSTER BATCH-CRM'),
(180, 'COLORANT/PIGMENT:MSTER BATCH-YEL'),
(181, 'FAB SUPPLIES/COLORANT:RED'),
(182, 'ANTI-OXIDANT'),
(183, 'COLORANT/PIGMENT:MSTER BATCH-BEIGE'),
(184, 'COLORANT/PIGMENT:MSTER BATCH-GRN'),
(185, 'RAW MATERIAL/ACRY-PRESSURE SENSI'),
(186, 'METHYL METHACRYLATE MONOMER'),
(187, 'IMPACT MODIFIER/MBS'),
(188, 'LUBRICANT/STEARATE:CALCIUM'),
(189, 'ELASTOMER/EVA'),
(190, 'RESIN/PVC SUSPENSION:K70-72'),
(191, 'RESIN/PVC SUSPENSION:K57-62'),
(192, 'RESIN/PVC SUSPENSION:K65-68'),
(193, 'CONST/CONCRETE'),
(194, 'RESIN/PSGP'),
(195, 'RESIN/NYLON'),
(196, 'RESIN/POLYVINYL ACETATE COPOLYMER'),
(197, 'OIL SUPPLIES'),
(198, 'PAINT & ACCESSORIES'),
(199, 'GEN/ACRYLIC'),
(200, 'BAND HEATER'),
(201, 'MACHINE/BOILER'),
(202, 'VALVES'),
(203, 'WELDING SUPPLIES'),
(204, 'CUTTING SUPPLIES'),
(205, 'O-RING'),
(206, 'MACHINE PART/CENTRIFUGAL PUMP'),
(207, 'FAB SUPPLIES'),
(208, 'MACHINE PART/EXT65'),
(209, 'V-BELT'),
(210, 'PLSTCZR/POLYMERIC:POLYESTER'),
(211, 'COLORANT/PIGMENT:MSTER BATCH BLK'),
(212, 'BLUING AGENT'),
(213, 'BLUING AGENT/ULTRAMARINE VIOLET'),
(214, 'COLORANT/PIGMENT:ORG'),
(215, 'COLORANT/PIGMENT:BLU'),
(216, 'COLORANT/PIGMENT:VLT'),
(217, 'LUBRICANT/FATTY ACID ESTER COMPLEX'),
(218, 'COUPLING AGENT'),
(219, 'RESIN/PVC PASTE:K-70'),
(220, 'BLOWING AGENT'),
(221, 'FILLER/SILICA'),
(222, 'BLOWING AGENT/KICKER'),
(223, 'HEAT STAB/Ca-Zn1PACK'),
(224, 'PROCESSING AID/PE WAX'),
(225, 'HEAT STAB/TIN:BUTYL'),
(226, 'PLSTCZR/NITRILE BLEND'),
(227, 'FAB SUPP/DYESTUFF:RED'),
(228, 'FAB SUPP/DYESTUFF:BRN'),
(229, 'FAB SUPP/DYESTUFF:VLT'),
(230, 'CSTMR/MTL/BI-SAMPLE'),
(231, 'CSTMR MTL/JUN SOLER:COLORANT'),
(232, 'COLORANT/PIGMENT:LBLU'),
(233, 'COLORANT/PIGMENT:BRN'),
(234, 'COLORANT/PIGMENT:WHT'),
(235, 'COLORANT/PIGMENT:GRY'),
(236, 'COLORANT/PIGMENT:BRONZE'),
(237, 'COLORANT/PIGMENT:GRANITE-BLK'),
(238, 'COLORANT/PIGMENT:GRANITE-BLU'),
(239, 'HEAT STAB/TIN:METHYL'),
(240, 'COLORANT/PIGMENT:MSTER BATCH-ORG'),
(241, 'ESBO'),
(242, 'LUBRICANT/STEARATE:BUTYL'),
(243, 'HEAT STAB/Ba-Zn'),
(244, 'FAB SUPP/CLIPBOARD'),
(245, 'FAB SUPPLIES/COWLING VISOR PART'),
(246, 'WSHLD/COWLING'),
(247, 'CSTMR/MTL/SAMPLE'),
(248, 'FILLER/CaCO3'),
(249, 'FILLER/CaCO3:MASTERBATCH'),
(250, 'HEAT STAB/LEAD'),
(251, 'HEAT STAB/Ca-Zn'),
(252, 'FIRE EXTINGUISHER'),
(253, 'UV STABILIZER'),
(254, 'COLORANT/PIGMENT'),
(255, 'WSTP-CB'),
(256, 'WSTP-CORR'),
(257, 'WSTP-CORR/CB'),
(258, 'WSTP-CORR/PLAIN'),
(259, 'WSTP-PLAIN/CB'),
(260, 'WSTP-PLAIN/DB'),
(261, 'BACK-UP RING'),
(262, 'COLORANT/PIGMENT:MSTER BATCH-WHT'),
(263, 'CSTMR/MTL/JS'),
(264, 'PRCG ITEMS'),
(265, 'LUBRICANT/STEARATE:BARIUM'),
(266, 'LABORATORY SUPPLIES'),
(267, 'COLORANT'),
(268, 'CaCO3'),
(269, 'FOAMING AGENT'),
(270, 'MAGNET'),
(271, 'PVC CMPD'),
(272, 'HEAT STAB'),
(273, 'FILLER'),
(274, 'RESIN/PVC'),
(275, 'COLORANT/TiO2-XTENDR'),
(276, 'COMPUTER ACCESSORIES'),
(277, 'RESIN/PE'),
(278, 'RESIN/SG'),
(279, 'RE-SALE'),
(280, 'JUN SOLER'),
(281, '0132'),
(282, '281'),
(283, '1156'),
(284, '57D STN'),
(285, '284'),
(286, '14446A'),
(287, '14446B'),
(288, '0127'),
(289, '7706'),
(290, 'COLORANT/PIGMENT-BLU'),
(291, 'COLORANT'),
(292, 'CR886-A'),
(293, 'CR886-B'),
(294, '267/PIGMENT'),
(295, '267/PEARL ESSENCE'),
(296, '294:GRANITE-BLK'),
(297, '294:GRANITE-BLU'),
(298, '294:GRY'),
(299, '294:MSTER BATCH-GRN'),
(300, '267/TiO2-XTENDR'),
(301, '294:ORG'),
(302, 'COLORANT'),
(303, '000 STN'),
(304, 'OPAQUE GRAY'),
(305, 'WSTP/PLAIN-CB'),
(306, '522'),
(307, 'CaCA3'),
(308, 'FABRICATON'),
(309, '5041'),
(310, 'G.126'),
(311, 'GPINK'),
(312, 'G.GOLD');

-- --------------------------------------------------------

--
-- Table structure for table `customers`
--

CREATE TABLE `customers` (
  `customers_id` int(11) NOT NULL,
  `customers_name` varchar(100) DEFAULT NULL,
  `customers_company` varchar(100) DEFAULT NULL,
  `customers_address` varchar(200) DEFAULT NULL,
  `customers_contact` varchar(30) DEFAULT NULL,
  `customers_note` varchar(100) DEFAULT NULL
) ENGINE=InnoDB DEFAULT CHARSET=utf8;

--
-- Dumping data for table `customers`
--

INSERT INTO `customers` (`customers_id`, `customers_name`, `customers_company`, `customers_address`, `customers_contact`, `customers_note`) VALUES
(1, 'PINAGBUHATAN ELEMENTARY SCHOOL', 'PINAGBUHATAN ELEMENTARY SCHOOL', '', '', 'N/A'),
(2, 'PCCH CITY GOVERNMENT OF PASIG', 'PCCH CITY GOVERNMENT OF PASIG', '', '', 'N/A'),
(3, 'ANGEL RIVERA', 'ANGEL RIVERA', '', '', 'N/A'),
(4, 'GEORGINA FU', 'GEORGINA FU', '', '', 'N/A'),
(5, 'EDGAR ROYLAN', 'EDGAR ROYLAN', '', '', 'N/A'),
(6, 'RAMON IMBAO', 'RAMON IMBAO', '', '', 'N/A'),
(7, 'BRIAN HUANG', 'BRIAN HUANG', '', '', 'N/A'),
(8, 'ERICA JOCSON', 'ERICA JOCSON', '', '', 'N/A'),
(9, 'METROSEAL PLASTIC INDUSTRIES', 'METROSEAL PLASTIC INDUSTRIES', '', '', 'N/A'),
(10, 'ANDY MALAYO', 'ANDY MALAYO', '', '', 'N/A'),
(12, 'NELSON PELAREJA', 'NELSON PELAREJA', '', '', 'N/A'),
(13, 'ERIC ESTELLOSO', 'ERIC ESTELLOSO', '', '', 'N/A'),
(14, 'TERISITA LODOUICA', 'TERISITA LODOUICA', '', '', 'N/A'),
(15, 'JORGE MENDEZ', 'JORGE MENDEZ', '', '', 'N/A'),
(17, 'BRGY. MAYBUNGA (KAP BAROK)', 'BRGY. MAYBUNGA (KAP BAROK)', '', '', 'N/A'),
(18, 'DDS GLASS', 'DDS GLASS', '', '', 'N/A'),
(19, 'JUSTINIANO LIBOT', 'JUSTINIANO LIBOT', '', '', 'N/A'),
(20, 'RENATO MANALO', 'RENATO MANALO', 'SAN MIGUEL PASIG CITY', '', 'N/A'),
(21, 'PNC COMPUTER SERVICES INC', 'PNC COMPUTER SERVICES INC', 'STA ANA MANILA', '', 'N/A'),
(22, 'ACE ROYAL DENTAL CORP', 'ACE ROYAL DENTAL CORP', '', '', 'N/A'),
(24, 'SMARTER METER', 'SMARTER METER', '', '', 'N/A'),
(25, 'TRINITECH ENGINEERING SERVICES', 'TRINITECH ENGINEERING SERVICES', '', '', 'N/A'),
(26, 'SIGNTECH MARKETING CORPORATION', 'SIGNTECH MARKETING CORPORATION', '', '', 'N/A'),
(27, 'DANICA CHUA', 'DANICA CHUA', '', '', 'N/A'),
(28, 'ECO-SYSTEM TECHNOLOGIES INTERNATIONAL INC', 'ECO-SYSTEM TECHNOLOGIES INTERNATIONAL INC', '', '', 'N/A'),
(29, 'AUMPACK INC', 'AUMPACK INC', '', '', 'N/A'),
(30, 'GMM DESIGN INC', 'GMM DESIGN INC', '', '', 'N/A'),
(31, 'A.P CANLAS BUILDER`S & DEVELOPMENT CORP', 'A.P CANLAS BUILDER`S & DEVELOPMENT CORP', '', '', 'N/A'),
(32, 'FLEXSEAL ENT', 'FLEXSEAL ENT', '', '', 'N/A'),
(33, 'JEF VALDERRAMA', 'JEF VALDERRAMA', '', '', 'N/A'),
(34, 'BOYET TABAO', 'BOYET TABAO', '', '', 'N/A'),
(35, 'JEORGE MENDEZ', 'JEORGE MENDEZ', '', '', 'N/A'),
(36, 'SHEKELS KONSTRUKT', 'SHEKELS KONSTRUKT', '', '', 'N/A'),
(37, 'J.P BETIS FURNITURE', 'J.P BETIS FURNITURE', '', '', 'N/A'),
(38, 'EXPONENT CONTROLS AND ELECTRICAL CORP', 'EXPONENT CONTROLS AND ELECTRICAL CORP', '', '', 'N/A'),
(39, 'JOEVAN LAMSEN', 'JOEVAN LAMSEN', '', '', 'N/A'),
(40, 'ROEL GUPILAN', 'ROEL GUPILAN', '', '', 'N/A'),
(41, 'NEIL RAMIREZ', 'NEIL RAMIREZ', '', '', 'N/A'),
(42, 'BIG APPLE EXPRESS', 'BIG APPLE EXPRESS', '', '', 'N/A'),
(43, 'DANIELLE PAZ', 'DANIELLE PAZ', '', '', 'N/A'),
(44, 'VISION AIR AND SEA SERVICES INC', 'VISION AIR AND SEA SERVICES INC', '', '', 'N/A'),
(45, 'ASEIC DENTAL TRADING', 'ASEIC DENTAL TRADING', '', '', 'N/A'),
(46, 'JAIRAHLYN JAMILLA', 'JAIRAHLYN JAMILLA', '', '', 'N/A'),
(47, 'RANDELL GARCIA', 'RANDELL GARCIA', '', '', 'N/A'),
(48, 'DAVIES PAINT PHILS INC', 'DAVIES PAINT PHILS INC', '', '', 'N/A'),
(49, 'OGEN WASTEWATER TREATMENT SYSTEM INC', 'OGEN WASTEWATER TREATMENT SYSTEM INC', '', '', 'N/A'),
(50, 'LOLITA RODRIGUEZ', 'LOLITA RODRIGUEZ', '', '', 'N/A'),
(51, 'MARILYN BAGUINAON', 'MARILYN BAGUINAON', '', '', 'N/A'),
(52, 'VICTOR BALANON', 'VICTOR BALANON', '', '', 'N/A'),
(53, 'SALOME MARIANO', 'SALOME MARIANO', '', '', 'N/A'),
(54, 'EUNICE PASCUAL', 'EUNICE PASCUAL', '', '', 'N/A'),
(55, 'CHRISTOPHER C. GAN', 'CHRISTOPHER C. GAN', '', '', 'N/A'),
(56, 'KARL SIAT', 'KARL SIAT', '', '', 'N/A'),
(57, 'FABRI-PLAST INDUSTRIAL CORPORATION', 'FABRI-PLAST INDUSTRIAL CORPORATION', '', '', 'N/A'),
(58, 'JULES BERRAN', 'JULES BERRAN', '', '', 'N/A'),
(59, 'FIBREFILL MANUFACTURING INC', 'FIBREFILL MANUFACTURING INC', '', '', 'N/A'),
(60, 'WILLY ESCOPLO', 'WILLY ESCOPLO', '', '', 'N/A'),
(61, 'ABEE FERNANDEZ', 'ABEE FERNANDEZ', '', '', 'N/A'),
(62, 'JAY R SABANGAN', 'JAY R SABANGAN', '', '', 'N/A'),
(63, 'ESPARAGOZA GLASS & ALUMINUM SERVICES', 'ESPARAGOZA GLASS & ALUMINUM SERVICES', '', '', 'N/A'),
(64, 'PREMIUMSOLE INTERNATIONAL, INC', 'PREMIUMSOLE INTERNATIONAL, INC', '', '', 'N/A'),
(65, 'REYNANTE FAJUTAG', 'REYNANTE FAJUTAG', '', '', 'N/A'),
(66, 'AROGAR ENT.', 'AROGAR ENT.', '', '', 'N/A'),
(67, 'GREG COLLANTES', 'GREG COLLANTES', '', '', 'N/A'),
(68, 'NEO CAMARILLO', 'NEO CAMARILLO', '', '', 'N/A'),
(69, 'RUEL ENRIQUEZ', 'RUEL ENRIQUEZ', '', '', 'N/A'),
(70, 'DENNIS DIANSON', 'DENNIS DIANSON', '', '', 'N/A'),
(71, 'ARMOR JETAJOBE', 'ARMOR JETAJOBE', '', '', 'N/A'),
(72, 'DAISY OLIVEROS', 'DAISY OLIVEROS', '', '', 'N/A'),
(73, 'CHRIS DIONISIO', 'CHRIS DIONISIO', '', '', 'N/A'),
(75, 'BEVERICK RESORT', 'BEVERICK RESORT', '', '', 'N/A'),
(76, 'VARIFOLD ARCHITECTURAL PRODUCTS INC', 'VARIFOLD ARCHITECTURAL PRODUCTS INC', '', '', 'N/A'),
(77, 'JANE TAPEL', 'JANE TAPEL', '', '', 'N/A'),
(79, 'LOURDES RAMOS', 'LOURDES RAMOS', '', '', 'N/A'),
(80, 'KAIZEN INDUSTRIAL SERVICES & TRADING CORP', 'KAIZEN INDUSTRIAL SERVICES & TRADING CORP', '', '', 'N/A'),
(81, 'MEGATRENDS I&C CORP', 'MEGATRENDS I&C CORP', '', '', 'N/A'),
(82, 'JUSTIN PASENCO', 'JUSTIN PASENCO', '', '', 'N/A'),
(83, 'JAM NEPOMUCENO', 'JAM NEPOMUCENO', '', '', 'N/A'),
(84, 'LEONARDO SANTOS', 'LEONARDO SANTOS', '', '', 'N/A'),
(85, 'PROJECT ONE GRAPHICS PRINTING', 'PROJECT ONE GRAPHICS PRINTING', '', '', 'N/A'),
(86, 'RONALD FUENTES', 'RONALD FUENTES', '', '', 'N/A'),
(87, 'JSME ENT', 'JSME ENT', '', '', 'N/A'),
(88, 'STORE ONE INC', 'STORE ONE INC', '', '', 'N/A'),
(89, 'BUREAU OF FIRE PROTECTION', 'BUREAU OF FIRE PROTECTION', '', '', 'N/A'),
(90, 'GAN`S MARKETING', 'GAN`S MARKETING', '', '', 'N/A'),
(91, 'THADDEUS ROOFING', 'THADDEUS ROOFING', '', '', 'N/A'),
(92, 'QUENNIE MAGBANUA', 'QUENNIE MAGBANUA', '', '', 'N/A'),
(93, 'JDMJ HOME & OFFICE FURNITURE TRADING', 'JDMJ HOME & OFFICE FURNITURE TRADING', '', '', 'N/A'),
(94, 'WELLCARE CLINICS & LAB INC', 'WELLCARE CLINICS & LAB INC', '', '', 'N/A'),
(95, 'LBPI DESIGN INTERNATIONAL INC', 'LBPI DESIGN INTERNATIONAL INC', '', '', 'N/A'),
(96, 'INFINITE ENT', 'INFINITE ENT', '', '', 'N/A'),
(97, 'LU-EL ENGINEERING SERVICES', 'LU-EL ENGINEERING SERVICES', '', '', 'N/A'),
(98, 'SIGNTECH SOLUTIONS', 'SIGNTECH SOLUTIONS', '', '', 'N/A'),
(99, 'GRAND ACES VENTURES INC', 'GRAND ACES VENTURES INC', '', '', 'N/A'),
(100, 'EMERGE ACTIVATION INNOVATION', 'EMERGE ACTIVATION INNOVATION', '', '', 'N/A'),
(102, 'VKC INCORPORATED', 'VKC INCORPORATED', '', '', 'N/A'),
(103, 'RODEL DALANGIN', 'RODEL DALANGIN', '', '', 'N/A'),
(104, 'JOSIE VELASQUEZ', 'JOSIE VELASQUEZ', '', '', 'N/A'),
(105, 'JANIER MARTINEZ', 'JANIER MARTINEZ', '', '', 'N/A'),
(106, 'ERWIN BUENCAMINO', 'ERWIN BUENCAMINO', '', '', 'N/A'),
(107, 'ROLLY ENRIQUEZ', 'ROLLY ENRIQUEZ', '', '', 'N/A'),
(108, 'LOVMIA  MARKETING', 'LOVMIA  MARKETING', '', '', 'N/A'),
(109, 'PAUL BELTRAN', 'PAUL BELTRAN', '', '', 'N/A'),
(110, 'SJR  ARCHITECTURAL MINIATURE', 'SJR  ARCHITECTURAL MINIATURE', '', '', 'N/A'),
(111, 'FABTOOL METAL FABRICATION', 'FABTOOL METAL FABRICATION', '', '', 'N/A'),
(112, 'MR. QUICKIE CORP', 'MR. QUICKIE CORP', '', '', 'N/A'),
(113, 'ASHLEY CARDONES', 'ASHLEY CARDONES', '', '', 'N/A'),
(114, 'PJ ORTIGAS KONSTRUKT INC', 'PJ ORTIGAS KONSTRUKT INC', '', '', 'N/A'),
(115, 'RAY BRILLANTES', 'RAY BRILLANTES', '', '', 'N/A'),
(116, 'EDRIAN BALATUCAN', 'EDRIAN BALATUCAN', '', '', 'N/A'),
(117, 'RICHARD BOONGALING', 'RICHARD BOONGALING', '', '', 'N/A'),
(118, 'RMECS TECHNICON INC', 'RMECS TECHNICON INC', '', '', 'N/A'),
(119, 'M.C DISPLAY & METALCRAFT CORP', 'M.C DISPLAY & METALCRAFT CORP', '', '', 'N/A'),
(121, 'PRIMELINE PRODUCTS', 'PRIMELINE PRODUCTS', '', '', 'N/A'),
(122, 'RINGBRIDGE', 'RINGBRIDGE', '', '', 'N/A'),
(123, 'BRGY. PINAGBUHATAN', 'BRGY. PINAGBUHATAN', '', '', 'N/A'),
(124, 'LITO BARTOLOME', 'LITO BARTOLOME', '', '', 'N/A'),
(125, 'MA. JIZZELLE LEE-BELTRAN/F.I PONCE REALTY & CONST', 'MA. JIZZELLE LEE-BELTRAN/F.I PONCE REALTY & CONST', '', '', 'N/A'),
(126, 'MK KINETIQUE', 'MK KINETIQUE', '', '', 'N/A'),
(127, 'JUDAY TORCINO', 'JUDAY TORCINO', '', '', 'N/A'),
(128, 'CRISTINA PANGILINAN', 'CRISTINA PANGILINAN', '', '', 'N/A'),
(129, 'JOEY C. SANTOS', 'JOEY C. SANTOS', '', '', 'N/A'),
(130, 'DOUBLE LA GLASS & ALUMINUM', 'DOUBLE LA GLASS & ALUMINUM', '', '', 'N/A'),
(131, 'SEE THE WORLD THROUGH COFFEE CORP', 'SEE THE WORLD THROUGH COFFEE CORP', '', '', 'N/A'),
(132, 'DIAMOND OFFICE FURNITURE, INC.', 'DIAMOND OFFICE FURNITURE, INC.', '', '', 'N/A'),
(133, 'IMARFLEX BATTERY MFG. CORP.', 'IMARFLEX BATTERY MFG. CORP.', '', '', 'N/A'),
(134, 'HANNAMEEL ENT', 'HANNAMEEL ENT', '', '', 'N/A'),
(135, 'SOUTWEST MARKETING', 'SOUTWEST MARKETING', '', '', 'N/A'),
(136, 'ZRP BUILDERS', 'ZRP BUILDERS', '', '', 'N/A'),
(137, 'ST. VIEW AUTO GLASS', 'ST. VIEW AUTO GLASS', '', '', 'N/A'),
(138, 'HANS VILLANUEVA', 'HANS VILLANUEVA', '', '', 'N/A'),
(140, 'BRIAN BACULO', 'BRIAN BACULO', '', '', 'N/A'),
(141, 'SENG GUAN HENG', 'SENG GUAN HENG', '', '', 'N/A'),
(142, 'MERCY VILLEGAS', 'MERCY VILLEGAS', '', '', 'N/A'),
(143, 'PANCYCLE CENTER', 'PANCYCLE CENTER', '', '', 'N/A'),
(144, 'POWERGOLD ENGINEERING ENT', 'POWERGOLD ENGINEERING ENT', '', '', 'N/A'),
(145, 'AVILES', 'AVILES', '', '', 'N/A'),
(146, 'JONALD JONATAS', 'JONALD JONATAS', '', '', 'N/A'),
(147, 'ANTIPOLO MRM PRECISION TOOLS & DIE INC', 'ANTIPOLO MRM PRECISION TOOLS & DIE INC', '', '', 'N/A'),
(148, 'DARNEL PONCE', 'DARNEL PONCE', '', '', 'N/A'),
(149, 'ALLEN SANTOS', 'ALLEN SANTOS', '656 R. Castillo St. Kalawaan Pasig', '', 'N/A'),
(150, 'FILLWORTH', 'FILLWORTH', '', '', 'N/A'),
(151, 'ESJAY CADIZ', 'ESJAY CADIZ', '', '', 'N/A'),
(152, 'YRS MOTORCYCLE MODIFICATION INC.', 'YRS MOTORCYCLE MODIFICATION INC.', '', '', 'N/A'),
(153, 'THEO NATHANIEL CHING', 'THEO NATHANIEL CHING', '', '', 'N/A'),
(154, '779 INDUSTRIAL TRADING', '779 INDUSTRIAL TRADING', '', '', 'N/A'),
(155, 'JAN CIRIA  CRUZ', 'JAN CIRIA  CRUZ', '', '', 'N/A'),
(156, 'E.T.D BUILDERS', 'E.T.D BUILDERS', '', '', 'N/A'),
(157, 'JENNY MAGPANTAY', 'JENNY MAGPANTAY', '', '', 'N/A'),
(158, 'DANA MAGCURO', 'DANA MAGCURO', '', '', 'N/A'),
(159, 'BEE ARCILLA', 'BEE ARCILLA', '', '', 'N/A'),
(160, 'NEWREST SOS', 'NEWREST SOS', '', '', 'N/A'),
(161, 'GABBY AVILES', 'GABBY AVILES', '', '', 'N/A'),
(162, 'BEASOR ENT', 'BEASOR ENT', '', '', 'N/A'),
(163, 'ROSELLO DYSANO', 'ROSELLO DYSANO', '119 Lovina Bldg. East Raya Condo. Mercedes', '09272569865', 'N/A'),
(164, 'MEDICOTEK, INC.', 'MEDICOTEK, INC.', '396 Don Jesus Blvd. Alabang Hills Muntinlupa City', '', 'N/A'),
(165, 'IMAGINEERING TECNOLOGY SYSTEMS INC', 'IMAGINEERING TECNOLOGY SYSTEMS INC', '', '', 'N/A'),
(166, 'TEODY OPTANA', 'TEODY OPTANA', '', '', 'N/A'),
(167, 'JAZZ FABRICATION', 'JAZZ FABRICATION', '', '', 'N/A'),
(168, 'JETERRA FINE FOOD', 'JETERRA FINE FOOD', '', '', 'N/A'),
(169, 'GOLDEN KNIGHT CONSTRUCTION CORP', 'GOLDEN KNIGHT CONSTRUCTION CORP', '', '', 'N/A'),
(170, 'ALI TRADING', 'ALI TRADING', '', '', 'N/A'),
(171, 'GIANT LIGHT CORP', 'GIANT LIGHT CORP', '', '', 'N/A'),
(172, 'HARVARD HOUSE', 'HARVARD HOUSE', '', '', 'N/A'),
(173, 'ZAFIRAH PHILIPPINES, INC.', 'ZAFIRAH PHILIPPINES, INC.', 'Gateway Mall, Cubao, Quezon City', '', 'N/A'),
(174, 'WORLD GLASS LAMINATE INC', 'WORLD GLASS LAMINATE INC', '', '', 'N/A'),
(175, 'NAOMI MARASIGAN', 'NAOMI MARASIGAN', '', '', 'N/A'),
(176, 'ENGR. ARMEN GUGOL', 'ENGR. ARMEN GUGOL', '', '', 'N/A'),
(177, 'ICON METAL INDUSTRIES', 'ICON METAL INDUSTRIES', '', '', 'N/A'),
(178, 'WILLIAM BROTHERS MANILA DEVELOPMENT CORP', 'WILLIAM BROTHERS MANILA DEVELOPMENT CORP', '', '', 'N/A'),
(179, 'G&A TROPICAL FISH CENTER', 'G&A TROPICAL FISH CENTER', '', '', 'N/A'),
(180, 'CHRISTOPHER SY', 'CHRISTOPHER SY', '', '', 'N/A'),
(182, 'EUGENE CAMER', 'EUGENE CAMER', '', '', 'N/A'),
(183, 'DMF DORFLEX PHILIPPINES INC', 'DMF DORFLEX PHILIPPINES INC', '', '', 'N/A'),
(184, 'SAMPLE CUSTOMER', 'SAMPLE CUSTOMER', '', '', 'N/A'),
(185, 'AVELINO DAGUIL', 'AVELINO DAGUIL', '', '', 'N/A'),
(186, 'MEJORE CONTRACT SERVICES INC', 'MEJORE CONTRACT SERVICES INC', '', '', 'N/A'),
(187, 'ESIA ENTERPRISES', 'ESIA ENTERPRISES', '#8 Spinel St. Las Pinas Royal Estate Nage Road', '', 'N/A'),
(188, 'BRGY. SAN MIGUEL', 'BRGY. SAN MIGUEL', '', '', 'N/A'),
(189, 'MANG JUAN FRANCHISING CORP.', 'MANG JUAN FRANCHISING CORP.', '', '', 'N/A'),
(190, 'NOLI SANTOS', 'NOLI SANTOS', '', '', 'N/A'),
(191, 'ACADEMIA DE STA MARTHA', 'ACADEMIA DE STA MARTHA', '', '', 'N/A'),
(192, 'RNK 3', 'RNK 3', '', '', 'N/A'),
(193, 'ETD BUILDERS', 'ETD BUILDERS', '', '', 'N/A'),
(194, 'DEPARTMENT OF PUBLIC WORKS AND HIGHWAY', 'DEPARTMENT OF PUBLIC WORKS AND HIGHWAY', '', '', 'N/A'),
(195, 'FELIZAR CORCINO', 'FELIZAR CORCINO', '', '', 'N/A'),
(196, 'BLAIRES ENTERPRISES', 'BLAIRES ENTERPRISES', '', '', 'N/A'),
(197, 'BIND ADVERTISING', 'BIND ADVERTISING', '', '', 'N/A'),
(198, 'VAN OCINAR', 'VAN OCINAR', '', '', 'N/A'),
(199, 'KARLA DE GUZMAN', 'KARLA DE GUZMAN', '', '', 'N/A'),
(200, 'KEVIN HANCEL SIAT', 'KEVIN HANCEL SIAT', '', '', 'N/A'),
(201, 'GALLERIA DUEMILA INC', 'GALLERIA DUEMILA INC', '', '', 'N/A'),
(202, 'LOCN TRADING', 'LOCN TRADING', '', '', 'N/A'),
(203, 'ICON GRAPHICS INC', 'ICON GRAPHICS INC', '', '', 'N/A'),
(204, 'SOG MANUFACTURING CORP', 'SOG MANUFACTURING CORP', '', '', 'N/A'),
(205, 'GMN RESOURCES INC', 'GMN RESOURCES INC', '', '', 'N/A'),
(206, 'NOEL R. DERILO', 'NOEL R. DERILO', '', '', 'N/A'),
(207, 'ALBRYAN TABAQUE', 'ALBRYAN TABAQUE', '', '', 'N/A'),
(208, 'BABY MARCELINA CASTRO', 'BABY MARCELINA CASTRO', 'DE CASTRO AVENUE, STA. LUCIA', '', 'N/A'),
(209, 'KRATOS PRINTING SERVICES', 'KRATOS PRINTING SERVICES', '', '', 'N/A'),
(210, 'PHESCO INCORPORATED', 'PHESCO INCORPORATED', '', '', 'N/A'),
(211, 'FLUID TECHNOLOGIES & ENVIRONMENTAL MGT INC', 'FLUID TECHNOLOGIES & ENVIRONMENTAL MGT INC', '', '', 'N/A'),
(212, 'CREIZIL ALUMINUM', 'CREIZIL ALUMINUM', '', '', 'N/A'),
(213, 'SEWON INTERIOR CONSTRUCTION INC', 'SEWON INTERIOR CONSTRUCTION INC', '', '', 'N/A'),
(214, 'EAST ASIA LABORATORIES INC', 'EAST ASIA LABORATORIES INC', '', '', 'N/A'),
(215, 'RBM ADVERTISING', 'RBM ADVERTISING', '', '', 'N/A'),
(216, 'GAVI CHEMICAL TECHNOLOGIES INC.', 'GAVI CHEMICAL TECHNOLOGIES INC.', '', '', 'N/A'),
(217, 'MICHAEL LUMIDALU', 'MICHAEL LUMIDALU', '', '', 'N/A'),
(218, 'JULIANA PRINTING SERVICES', 'JULIANA PRINTING SERVICES', '', '', 'N/A'),
(219, 'PHILIPPINE VERTICAL STRUCTURE AND TECHNOLOGY CENTE', 'PHILIPPINE VERTICAL STRUCTURE AND TECHNOLOGY CENTE', '', '', 'N/A'),
(220, 'KEVIN DECKS', 'KEVIN DECKS', '', '', 'N/A'),
(221, 'ARTURO SANCHEZ JR.', 'ARTURO SANCHEZ JR.', '', '', 'N/A'),
(223, 'CUISINE ALA MORE INC', 'CUISINE ALA MORE INC', '', '', 'N/A'),
(224, 'TRANSNATIONAL MEDICAL & DIAGNOSTIC CENTER INC.', 'TRANSNATIONAL MEDICAL & DIAGNOSTIC CENTER INC.', '', '', 'N/A'),
(225, 'LAUREL CYCLE SUPPLY MKTG', 'LAUREL CYCLE SUPPLY MKTG', '', '', 'N/A'),
(226, 'SILVER FOX CYCLE CENTER', 'SILVER FOX CYCLE CENTER', '', '', 'N/A'),
(227, 'ELY ANONUEVO', 'ELY ANONUEVO', '', '', 'N/A'),
(228, 'FINALE ART FILE', 'FINALE ART FILE', '', '', 'N/A'),
(229, 'VILLARANZA & ANGANGCO', 'VILLARANZA & ANGANGCO', '', '', 'N/A'),
(230, 'DAGUPAN CITY NEW STAR ENT. CORP.', 'DAGUPAN CITY NEW STAR ENT. CORP.', '', '', 'N/A'),
(231, 'FUNCTIONSMITH INC', 'FUNCTIONSMITH INC', '', '', 'N/A'),
(232, 'ROADMAX MARKETING CORPORATION', 'ROADMAX MARKETING CORPORATION', '', '', 'N/A'),
(233, 'ART DE PHIL TRADE', 'ART DE PHIL TRADE', '', '', 'N/A'),
(234, 'Z CONCEPT', 'Z CONCEPT', '', '', 'N/A'),
(235, 'EJM NETWORK SOLUTION OPC', 'EJM NETWORK SOLUTION OPC', '', '', 'N/A'),
(236, 'ARTLINE PRINTING SERVICES', 'ARTLINE PRINTING SERVICES', '', '', 'N/A'),
(237, 'E. M. CUERPO INC.', 'E. M. CUERPO INC.', '', '', 'N/A'),
(238, 'M & H FOOD CORPORATION', 'M & H FOOD CORPORATION', '', '', 'N/A'),
(239, '8785 COFFEE & MILK TEA CO.', '8785 COFFEE & MILK TEA CO.', '', '', 'N/A'),
(240, 'E. N SAMBELI ENTERPRISES', 'E. N SAMBELI ENTERPRISES', '', '', 'N/A'),
(241, 'JEEVHAN DESIGN ARTS ENT', 'JEEVHAN DESIGN ARTS ENT', '', '', 'N/A'),
(242, 'JANE GOMEZ OCHOA', 'JANE GOMEZ OCHOA', '', '', 'N/A'),
(243, 'INTERBAKE MARKETING CORP', 'INTERBAKE MARKETING CORP', '', '', 'N/A'),
(244, 'INTERGRATED CONTROLS CORP', 'INTERGRATED CONTROLS CORP', '', '', 'N/A'),
(245, 'IZE METAL CRAFT', 'IZE METAL CRAFT', '', '', 'N/A'),
(246, 'WAVELINK DESIGN UNLIMITED INC.', 'WAVELINK DESIGN UNLIMITED INC.', '', '', 'N/A'),
(247, 'THE GALLERY FRAME', 'THE GALLERY FRAME', '', '', 'N/A'),
(248, 'VELASCO ADVERTISING', 'VELASCO ADVERTISING', '', '', 'N/A'),
(249, 'BEDELIA MARTINEZ', 'BEDELIA MARTINEZ', '', '', 'N/A'),
(250, 'JOSOL HOME DECOR IMPROVEMENT CENTER INC.', 'JOSOL HOME DECOR IMPROVEMENT CENTER INC.', '', '', 'N/A'),
(251, 'JJMJR CONSTRUCTION SERVICES', 'JJMJR CONSTRUCTION SERVICES', '', '', 'N/A'),
(252, 'LUEL TRADING AND METAL FABRICATION SERVICES', 'LUEL TRADING AND METAL FABRICATION SERVICES', '', '', 'N/A'),
(253, 'LENIE MEJIA', 'LENIE MEJIA', '', '', 'N/A'),
(254, 'JOCELYN GADOC', 'JOCELYN GADOC', '', '', 'N/A'),
(255, 'JOHN JERICHO RIHPOLA', 'JOHN JERICHO RIHPOLA', '', '', 'N/A'),
(256, 'GLADYS LEGASPI', 'GLADYS LEGASPI', '', '', 'N/A'),
(257, 'ZENSUN MARKETING', 'ZENSUN MARKETING', '', '', 'N/A'),
(258, 'FREDERICK DOMINGO', 'FREDERICK DOMINGO', '', '', 'N/A'),
(259, 'JBRIGGS ENTERPRISE', 'JBRIGGS ENTERPRISE', 'PASIG CITY', '', 'N/A'),
(260, 'THE WORKING ANIMALS', 'THE WORKING ANIMALS', '', '', 'N/A'),
(261, 'JEIZIE & R BUILDERS', 'JEIZIE & R BUILDERS', '', '', 'N/A'),
(262, 'SMARTECH ENGINEERING & SUPPLY/', 'SMARTECH ENGINEERING & SUPPLY/', '', '', 'N/A'),
(263, 'PIXIGN ADVERTISING CORP.', 'PIXIGN ADVERTISING CORP.', '', '', 'N/A'),
(264, 'A1 ADVERTISING', 'A1 ADVERTISING', '', '', 'N/A'),
(265, 'FABRICRAFT TRADING', 'FABRICRAFT TRADING', '', '', 'N/A'),
(266, 'TAG HOTEL & RESORTS, INC.', 'TAG HOTEL & RESORTS, INC.', 'Unit 3D 3rd Floor Seibu Towers 6th Ave. Cor. 24th', '', 'N/A'),
(267, 'DENMARK CONSTRUCTION CORP.', 'DENMARK CONSTRUCTION CORP.', 'Ortigas Avenue Ext. Sta. Lucia Pasig City', '', 'N/A'),
(268, 'CHRISTIAN TUMAYAO', 'CHRISTIAN TUMAYAO', '', '', 'N/A'),
(269, 'NELSON SISIG', 'NELSON SISIG', '', '', 'N/A'),
(270, 'CHROMAMIX MACHINE SERVICES CO.', 'CHROMAMIX MACHINE SERVICES CO.', '', '', 'N/A'),
(271, 'WEDDING & MOTIFFS INC', 'WEDDING & MOTIFFS INC', '', '', 'N/A'),
(272, 'GAMEVILLE', 'GAMEVILLE', '', '', 'N/A'),
(273, 'NEW HI-GRADE GLASS & ALUMINUM SUPPLY INC', 'NEW HI-GRADE GLASS & ALUMINUM SUPPLY INC', '', '', 'N/A'),
(274, 'SAVE ON PRINT', 'SAVE ON PRINT', '', '', 'N/A'),
(275, 'GREATPHIL ENTERPRISES INC.', 'GREATPHIL ENTERPRISES INC.', '', '', 'N/A'),
(276, 'JOHN ABONADOR', 'JOHN ABONADOR', '', '', 'N/A'),
(277, 'M&H FOOD CORPORATION', 'M&H FOOD CORPORATION', '', '', 'N/A'),
(278, 'SIG RICAFLANCA', 'SIG RICAFLANCA', '', '', 'N/A'),
(279, 'STEINTEK INC.', 'STEINTEK INC.', '', '', 'N/A'),
(280, 'JOSEPH OGAYON', 'JOSEPH OGAYON', '', '', 'N/A'),
(281, 'RUBEN DELA CRUZ', 'RUBEN DELA CRUZ', '', '', 'N/A'),
(282, 'CAFE FRANCE CORPORATION', 'CAFE FRANCE CORPORATION', '', '', 'N/A'),
(283, 'MILLENEUM DREAM TRADERS', 'MILLENEUM DREAM TRADERS', '', '', 'N/A'),
(284, 'ULTIMATE GRAPHICS CORPORATION', 'ULTIMATE GRAPHICS CORPORATION', '', '', 'N/A'),
(285, 'RONEENA INC.', 'RONEENA INC.', '', '', 'N/A'),
(286, 'TRANS ORIENT MICROSYSTEM CORPORATION', 'TRANS ORIENT MICROSYSTEM CORPORATION', '', '', 'N/A'),
(287, 'TRANS ORIENT MICROSYSTEM CORPORATION', 'TRANS ORIENT MICROSYSTEM CORPORATION', 'South Horizon Business Park II L1 B1 Carmona Cavit', '', 'N/A'),
(288, 'FIRST CHOICE', 'FIRST CHOICE', '', '', 'N/A'),
(289, 'JV&M ASSOCIATES INC.', 'JV&M ASSOCIATES INC.', '5th Flr Suite 513-514 JOCFER Bldg Commonwealth Ave', '952-7100', 'N/A'),
(290, 'GAN`S MKTG', 'GAN`S MKTG', '', '', 'N/A'),
(291, 'AIR-RICH INDUSTRIAL SYSTEM INC', 'AIR-RICH INDUSTRIAL SYSTEM INC', '', '', 'N/A'),
(292, 'DENSO TEN SOLUTION PHILIPPINES CORP', 'DENSO TEN SOLUTION PHILIPPINES CORP', '', '', 'N/A'),
(293, 'EDGAR CRUZ', 'EDGAR CRUZ', '', '', 'N/A'),
(295, 'LEAF & LIVE DESIGN PRINT', 'LEAF & LIVE DESIGN PRINT', '', '', 'N/A'),
(296, 'JOHNNY CARO', 'JOHNNY CARO', '', '', 'N/A'),
(297, 'JAY C DESIGNS, INC', 'JAY C DESIGNS, INC', '', '', 'N/A'),
(298, 'SILVANA DIAZ', 'SILVANA DIAZ', '', '', 'N/A'),
(299, 'RYANN CUSTOM', 'RYANN CUSTOM', '', '', 'N/A'),
(300, 'GE ULTIMATE', 'GE ULTIMATE', '', '', 'N/A'),
(301, 'MICHELLE PEREZ', 'MICHELLE PEREZ', '', '', 'N/A'),
(302, 'GRUPO CONCETTI', 'GRUPO CONCETTI', '', '', 'N/A'),
(303, 'RIMMER TAGULALAP', 'RIMMER TAGULALAP', '', '', 'N/A'),
(304, 'HARJAY SABANGAN', 'HARJAY SABANGAN', '', '', 'N/A'),
(306, 'OBET CAIMO', 'OBET CAIMO', '', '', 'N/A'),
(307, 'FELIX C. JACOME', 'FELIX C. JACOME', '', '', 'N/A'),
(308, 'TINTIN', 'TINTIN', '', '', 'N/A'),
(309, 'BENESCO CONSTRUCTION SUPPLY, INC.', 'BENESCO CONSTRUCTION SUPPLY, INC.', '', '', 'N/A'),
(310, 'ARTHUR MENDOZA', 'ARTHUR MENDOZA', '', '', 'N/A'),
(311, 'FLASPACKER, INC.', 'FLASPACKER, INC.', '', '', 'N/A'),
(313, 'NEWCORE INDUSTRIES INTERNATIONAL, INC.', 'NEWCORE INDUSTRIES INTERNATIONAL, INC.', '', '', 'N/A'),
(314, 'A.J.A.E. SIGNAGE PRINTING SERVICES', 'A.J.A.E. SIGNAGE PRINTING SERVICES', '2405 S.Osmena St. Brgy Poblacion Makati City', '09393639258', 'N/A'),
(315, 'PRISTINE SKIN CLINIC', 'PRISTINE SKIN CLINIC', '', '', 'N/A'),
(316, 'L. VICTOR SASH WORKS', 'L. VICTOR SASH WORKS', '', '', 'N/A'),
(317, 'ASSOCIATED WIRE CORPORATION OF THE PHILIPPINES', 'ASSOCIATED WIRE CORPORATION OF THE PHILIPPINES', '', '', 'N/A'),
(318, 'GLOBAL TREND PRINTING SERVICES CORP.', 'GLOBAL TREND PRINTING SERVICES CORP.', '388 Fernando San Diego Valenzuela City', '', 'N/A'),
(319, 'TOUCHSTONE CYCLE PARTS ENTERPRISE', 'TOUCHSTONE CYCLE PARTS ENTERPRISE', '', '', 'N/A'),
(320, 'BETH DELA CRUZ', 'BETH DELA CRUZ', '', '', 'N/A'),
(321, 'HOLY GRACE UNITED METHODIST CHURCH', 'HOLY GRACE UNITED METHODIST CHURCH', '', '', 'N/A'),
(322, 'OMNISOURCE INTERNATIONAL TRADING CORPORATION', 'OMNISOURCE INTERNATIONAL TRADING CORPORATION', '', '', 'N/A'),
(323, 'INTEGRATED CONTROLS CORPORATION', 'INTEGRATED CONTROLS CORPORATION', '', '', 'N/A'),
(324, 'ETHEL BUENAVENTURA', 'ETHEL BUENAVENTURA', '', '', 'N/A'),
(325, 'DONG DEL ROSARIO', 'DONG DEL ROSARIO', '', '', 'N/A'),
(326, 'JONATAS GLASS & ALUMINUM', 'JONATAS GLASS & ALUMINUM', '', '', 'N/A'),
(327, 'ASIA PACIFIC FORM & STRUCTURE INC', 'ASIA PACIFIC FORM & STRUCTURE INC', '', '', 'N/A'),
(328, 'APPLIED FOOD INGREDIENTS CO, INC', 'APPLIED FOOD INGREDIENTS CO, INC', '', '', 'N/A'),
(329, 'DEAN AQUINO', 'DEAN AQUINO', '', '', 'N/A'),
(330, 'CASTILEX INDUSTRIAL CORPORATION', 'CASTILEX INDUSTRIAL CORPORATION', '', '', 'N/A'),
(331, 'PHILIPPINE NUCLEAR RESEARCH INSTITUTE', 'PHILIPPINE NUCLEAR RESEARCH INSTITUTE', '', '', 'N/A'),
(332, 'ELEMIE NATURALS INC.', 'ELEMIE NATURALS INC.', '', '', 'N/A'),
(333, 'SUPER 8 A1 ADVERTISING CORP', 'SUPER 8 A1 ADVERTISING CORP', 'Antipolo Rizal', '', 'N/A'),
(334, 'J7L GLASS & ALUMINUM', 'J7L GLASS & ALUMINUM', '', '', 'N/A'),
(335, 'JOSEPH DELANTAR', 'JOSEPH DELANTAR', '', '', 'N/A'),
(336, 'DIANA DIZON', 'DIANA DIZON', '', '', 'N/A'),
(337, 'ULY RAMOS', 'ULY RAMOS', '', '', 'N/A'),
(338, 'OLEEVER BALASABAS', 'OLEEVER BALASABAS', '', '', 'N/A'),
(339, 'RODRIGO LIWANAG', 'RODRIGO LIWANAG', '', '', 'N/A'),
(340, 'ELY CASTILLO', 'ELY CASTILLO', '', '', 'N/A'),
(341, 'MIGUEL COTAS', 'MIGUEL COTAS', '', '', 'N/A'),
(342, 'CONVERTTI', 'CONVERTTI', 'Cubao, Quezon City', '', 'N/A'),
(344, 'WILLIE VILLA LUZ', 'WILLIE VILLA LUZ', '', '', 'N/A'),
(345, 'WILLIE VILLALUZ', 'WILLIE VILLALUZ', '', '', 'N/A'),
(346, 'EMPRO', 'EMPRO', '', '', 'N/A'),
(347, 'UNION INKS & GRAPHICS PHILIPPINES, INC.', 'UNION INKS & GRAPHICS PHILIPPINES, INC.', '', '', 'N/A'),
(348, 'AMC ADVERTISING', 'AMC ADVERTISING', '', '', 'N/A'),
(349, 'BERNA BOLADO', 'BERNA BOLADO', '', '', 'N/A'),
(350, 'NOEL MAURICIO', 'NOEL MAURICIO', '', '', 'N/A'),
(351, 'KAREN INTERNATIONAL INCORPORATED', 'KAREN INTERNATIONAL INCORPORATED', '', '', 'N/A'),
(352, 'ROWENA DELA CRUZ', 'ROWENA DELA CRUZ', '', '', 'N/A'),
(353, 'JANE VALENCIA', 'JANE VALENCIA', '', '', 'N/A'),
(354, 'PSIO INC.', 'PSIO INC.', '', '', 'N/A'),
(355, 'ROI ABEDEJOS', 'ROI ABEDEJOS', '', '', 'N/A'),
(356, 'NESTOR JOHN LIBAN', 'NESTOR JOHN LIBAN', '', '', 'N/A'),
(357, 'COPYXPRESS DIGITAL PRINTING SERVICES', 'COPYXPRESS DIGITAL PRINTING SERVICES', '', '', 'N/A'),
(358, 'BIGBOSS XCHILL VIBES', 'BIGBOSS XCHILL VIBES', '', '', 'N/A'),
(359, 'JIMMY BONAGUA', 'JIMMY BONAGUA', '', '', 'N/A'),
(360, 'BIG BOSS X CHILL VIBES', 'BIG BOSS X CHILL VIBES', '', '', 'N/A'),
(361, 'MACOY SANTIAGO', 'MACOY SANTIAGO', '', '', 'N/A'),
(362, 'ELY FLORANDE', 'ELY FLORANDE', '', '', 'N/A'),
(363, 'J`S PRINTING SHOP', 'J`S PRINTING SHOP', '', '', 'N/A'),
(365, 'SENANDO CAPCO', 'SENANDO CAPCO', '', '', 'N/A'),
(366, 'MANILA BULLETIN', 'MANILA BULLETIN', 'Intramuros Manila', '09167867137', 'N/A'),
(367, 'GLC CONTRACTS & DESIGNS', 'GLC CONTRACTS & DESIGNS', '#15 Chesnut St. Brgy. San Roque', '', 'N/A'),
(368, 'LOPE LAGNAYO', 'LOPE LAGNAYO', '', '', 'N/A'),
(369, 'VERTICAL SPACE INTERIORS INC', 'VERTICAL SPACE INTERIORS INC', '268 Unit B IPMC Bldg. Niog III Bacoor City', '', 'N/A'),
(370, 'MAKOY SANTIAGO', 'MAKOY SANTIAGO', '5283 Ilugin Pinagbuhatan Pasig City', '', 'N/A'),
(371, 'ANTONNETTE REYES', 'ANTONNETTE REYES', '', '', 'N/A'),
(372, 'JADE SUAYAN', 'JADE SUAYAN', '', '', 'N/A'),
(373, 'VASTTRACK ENTERPRISES', 'VASTTRACK ENTERPRISES', '', '', 'N/A'),
(374, 'LIGHTLINE CO., INC.', 'LIGHTLINE CO., INC.', '', '', 'N/A'),
(375, 'ARROW MANUFACTURING CORP.', 'ARROW MANUFACTURING CORP.', '#3 A.Z. Avis St. Bagong Ilog Pasig City', '', 'N/A'),
(376, 'REED STEEL FABRICATORS INC.', 'REED STEEL FABRICATORS INC.', 'FBIC Tikay City Malolos Bulacan', '09323276050', 'N/A'),
(377, 'I-CYBERWORLD BIZ, INC.', 'I-CYBERWORLD BIZ, INC.', 'E. Bingo Branch Riverside Arcade Ground Flr Rivers', '', 'N/A'),
(378, 'JOY DEE', 'JOY DEE', '', '', 'N/A'),
(379, 'NINO CRIS ORDONIS', 'NINO CRIS ORDONIS', '', '', 'N/A'),
(380, 'SHEENA DIANE BORBON', 'SHEENA DIANE BORBON', '', '', 'N/A'),
(381, 'ALVIN CUISON', 'ALVIN CUISON', '', '', 'N/A'),
(382, 'MICHAELTANSESCO', 'MICHAELTANSESCO', '', '', 'N/A'),
(383, 'FRANZ VILLACORTE', 'FRANZ VILLACORTE', '', '', 'N/A'),
(384, 'KIM MACEDA', 'KIM MACEDA', '', '', 'N/A'),
(385, 'JO BESO', 'JO BESO', '', '', 'N/A'),
(386, 'NAOMI ESTABILLO', 'NAOMI ESTABILLO', '', '', 'N/A'),
(387, 'ARISTOTLE FUENTES', 'ARISTOTLE FUENTES', '', '', 'N/A'),
(388, 'CHRISTOPHER BUMANLAG', 'CHRISTOPHER BUMANLAG', '', '', 'N/A'),
(389, 'CHRISTIAN BONUS', 'CHRISTIAN BONUS', '', '', 'N/A'),
(391, 'DARREN MARK', 'DARREN MARK', '', '', 'N/A'),
(392, 'JAY MILITANTE', 'JAY MILITANTE', '', '', 'N/A'),
(393, 'MARILOU ROMASANTA', 'MARILOU ROMASANTA', '', '', 'N/A'),
(394, 'ROGINNE DEVILLA', 'ROGINNE DEVILLA', '', '', 'N/A'),
(395, 'JEANNE ENRIQUIEZ', 'JEANNE ENRIQUIEZ', '2131 Taft Ave. Pasay City', '', 'N/A'),
(396, 'EDMUND SALVADOR', 'EDMUND SALVADOR', '', '', 'N/A'),
(398, 'GIGI VICTORINO', 'GIGI VICTORINO', '', '', 'N/A'),
(399, 'ROMMEL ANTINERO', 'ROMMEL ANTINERO', 'Sto Tomas Pasig City', '', 'N/A'),
(400, 'RODNEY MENDOZA', 'RODNEY MENDOZA', '137 Sibuyas St. Napico Manggahan Pasig City', '', 'N/A'),
(401, 'JB GUEVARRA & SANS INC', 'JB GUEVARRA & SANS INC', '', '', 'N/A'),
(402, 'JOSELITO BRONTO', 'JOSELITO BRONTO', '', '', 'N/A'),
(403, 'LIEZEL GUONG', 'LIEZEL GUONG', '', '', 'N/A'),
(404, 'EDUARDO CUARESMA', 'EDUARDO CUARESMA', '', '', 'N/A'),
(405, 'ROY GIL', 'ROY GIL', '', '', 'N/A'),
(406, 'EDNA CASTILLON', 'EDNA CASTILLON', '', '', 'N/A'),
(407, 'PERFECT SPACES INTEGRATED CONST. INC.', 'PERFECT SPACES INTEGRATED CONST. INC.', '', '', 'N/A'),
(408, 'SUAREZ METAPLAS INDUSTRIES INC', 'SUAREZ METAPLAS INDUSTRIES INC', '', '', 'N/A'),
(409, 'JUDEL LLORCA', 'JUDEL LLORCA', '', '', 'N/A'),
(410, 'MANUEL MALALAY', 'MANUEL MALALAY', '', '', 'N/A'),
(411, 'ELY BORJA', 'ELY BORJA', '', '', 'N/A'),
(412, 'GARRY PASCUAL', 'GARRY PASCUAL', '', '', 'N/A'),
(413, 'WALLIE GLASS', 'WALLIE GLASS', 'Rosario Pasig City', '8660591', 'N/A'),
(414, 'CBT LAW OFFICE', 'CBT LAW OFFICE', '', '', 'N/A'),
(415, 'BENITO PARBO', 'BENITO PARBO', 'Tagpo Binangonan Rizal', '09129657712', 'N/A'),
(416, 'NEW EXCELSIOR GENERAL MERCHANDISING, INC.', 'NEW EXCELSIOR GENERAL MERCHANDISING, INC.', '980 Federino St. Lope Devera St. Sta Cruz Manila', '', 'N/A'),
(417, 'STEEL ART', 'STEEL ART', '', '', 'N/A'),
(418, 'REMUEL ANDAMAN', 'REMUEL ANDAMAN', '', '', 'N/A'),
(419, 'ELI BORJA', 'ELI BORJA', '', '', 'N/A'),
(420, 'CAMILLA SUE', 'CAMILLA SUE', '', '', 'N/A'),
(421, 'CARLOS SAPANG', 'CARLOS SAPANG', '', '', 'N/A'),
(422, 'RONEL LANGUIDO', 'RONEL LANGUIDO', '', '', 'N/A'),
(423, 'SJTC MANUFACTURING, INC', 'SJTC MANUFACTURING, INC', 'Don Celso Tuazon Ave., Valley Golf Brgy. San Juan', '', 'N/A'),
(424, 'JOJO PORTEA', 'JOJO PORTEA', '', '', 'N/A'),
(425, 'VIC ORCINE', 'VIC ORCINE', '', '', 'N/A'),
(426, 'UNIVERSITY OF PERPETUAL HELP SYSTEM DELTA', 'UNIVERSITY OF PERPETUAL HELP SYSTEM DELTA', '', '', 'N/A'),
(427, 'RONIE MELAD', 'RONIE MELAD', '', '', 'N/A'),
(428, 'LORMIN CONSTRUCTION', 'LORMIN CONSTRUCTION', '', '', 'N/A'),
(429, 'VJP PRECISION TOOLING CORPORATION', 'VJP PRECISION TOOLING CORPORATION', 'B1L1-6 Reyvil Subd. Brgy.Magsaysay San PedroLaguna', '8473166', 'N/A'),
(430, 'ERIC ESTILLOSO', 'ERIC ESTILLOSO', '', '', 'N/A'),
(431, 'HIGH PERFORMANCE SOLUTIONS', 'HIGH PERFORMANCE SOLUTIONS', 'AFP-RSBS Industrial Park, KM-12 East Service Road,', '', 'N/A'),
(432, 'FERDIE MENOR', 'FERDIE MENOR', '', '', 'N/A'),
(433, 'ECLPI', 'ECLPI', '', '', 'N/A'),
(435, 'THE FRENCH BAKER INC.', 'THE FRENCH BAKER INC.', '', '', 'N/A'),
(436, 'ALI C. INTENDER', 'ALI C. INTENDER', '', '', 'N/A'),
(437, 'ALI INTENDER', 'ALI INTENDER', '', '', 'N/A'),
(438, 'LEFESTIN', 'LEFESTIN', 'Gourmet Farms Silang Cavite', '09175825328', 'N/A'),
(439, 'MANJO GIME', 'MANJO GIME', 'Brgy. Nursery, Masbate', '09666318727', 'N/A'),
(440, 'CELSO ANDOY', 'CELSO ANDOY', '', '', 'N/A'),
(441, 'ARIEL ITON', 'ARIEL ITON', '', '', 'N/A'),
(442, 'JP ALPANO', 'JP ALPANO', '', '', 'N/A'),
(443, 'RODNEY YABUT', 'RODNEY YABUT', '', '', 'N/A'),
(444, 'CALIFORNIA CLOTHING, INC.', 'CALIFORNIA CLOTHING, INC.', 'D11  Bldg. San Vicente Rd. Brgy. San Vicente', '', 'N/A'),
(446, 'MICHEL CARLO GERONIMO', 'MICHEL CARLO GERONIMO', '', '', 'N/A'),
(447, 'RAFAEL SILVA', 'RAFAEL SILVA', '', '', 'N/A'),
(448, 'ANGELO ASMOD', 'ANGELO ASMOD', '', '', 'N/A'),
(449, 'AJINOMOTO PHILIPPINES CORPORATION', 'AJINOMOTO PHILIPPINES CORPORATION', '', '', 'N/A'),
(450, 'PJ`S ART', 'PJ`S ART', '', '', 'N/A'),
(451, 'RON MEDANO', 'RON MEDANO', '', '', 'N/A'),
(452, 'LUIS TUBURCIO', 'LUIS TUBURCIO', '', '', 'N/A'),
(453, 'GARY CALAWAD', 'GARY CALAWAD', '', '', 'N/A'),
(454, 'DONATO VEGA', 'DONATO VEGA', '', '', 'N/A'),
(455, 'CREATIVE FILES', 'CREATIVE FILES', '', '', 'N/A'),
(456, 'DISTINCT CREATIVE DISPLAY CORPORATION', 'DISTINCT CREATIVE DISPLAY CORPORATION', '', '', 'N/A'),
(457, 'TEKLA TAMORIA', 'TEKLA TAMORIA', '', '', 'N/A'),
(458, 'JOEY TAN', 'JOEY TAN', '', '', 'N/A'),
(459, 'BIG SCOOP', 'BIG SCOOP', '', '', 'N/A'),
(460, 'PV TECH PTE LTD', 'PV TECH PTE LTD', '', '', 'N/A'),
(461, 'ALERE PHIL. INC.', 'ALERE PHIL. INC.', '', '', 'N/A'),
(462, 'E.N. SAMBELI ENTERPRISES', 'E.N. SAMBELI ENTERPRISES', '', '', 'N/A'),
(463, 'F. ESGUERRA  ADVERTISING', 'F. ESGUERRA  ADVERTISING', '', '', 'N/A'),
(464, 'ADRIAN TECSON', 'ADRIAN TECSON', '', '', 'N/A'),
(465, 'JERRY RIC PUERO', 'JERRY RIC PUERO', '', '', 'N/A'),
(466, 'WIN-AN ENTERPRISES', 'WIN-AN ENTERPRISES', '', '', 'N/A'),
(467, 'LECIRAM STONE ENTERPRISES', 'LECIRAM STONE ENTERPRISES', '', '', 'N/A'),
(468, 'FERDIE ESGUERRA ADVERTISING', 'FERDIE ESGUERRA ADVERTISING', '', '', 'N/A'),
(469, 'FLEX PROFESSIONAL RESOURCES CORPORATION', 'FLEX PROFESSIONAL RESOURCES CORPORATION', 'U202 Raffles Corporate Center, F. Ortigas Jr. Ave.', '', 'N/A'),
(470, 'CHAMPION FINE TOOLING CORPORATION', 'CHAMPION FINE TOOLING CORPORATION', '#58 Arty Subd. III Lawang Bato Valenzuela City', '', 'N/A'),
(471, 'DONN CELANO', 'DONN CELANO', '', '', 'N/A'),
(472, 'TRISTAN PENTINIO', 'TRISTAN PENTINIO', 'B22 L8 Cherryville Subd. Taytay', '09338213322', 'N/A'),
(473, 'CASAS', 'CASAS', 'Golden City Taytay Rizal', '09307332811', 'N/A'),
(474, 'JAIME FLORENDO', 'JAIME FLORENDO', '', '', 'N/A'),
(475, 'FACTECH ENTERPRISES COMPANY', 'FACTECH ENTERPRISES COMPANY', '', '', 'N/A'),
(476, 'J. TORRES ELECTRICAL SUPPLY & SERVICES', 'J. TORRES ELECTRICAL SUPPLY & SERVICES', '', '', 'N/A'),
(477, 'KOREA EXIMBANK MANILA REPRESENTATIVE OFFICE', 'KOREA EXIMBANK MANILA REPRESENTATIVE OFFICE', '', '', 'N/A'),
(478, 'RICK ABDON', 'RICK ABDON', 'Palatiw E. Santos', '09121073659', 'N/A'),
(479, 'EMIL YU', 'EMIL YU', '', '', 'N/A'),
(480, 'RTM TRADE INC.', 'RTM TRADE INC.', '', '', 'N/A'),
(481, 'FGA FABRICATION', 'FGA FABRICATION', '', '', 'N/A'),
(482, 'MODERN PRIMITIVE', 'MODERN PRIMITIVE', '343 Boblete Compound West Service Road Paranaque', '09453021029', 'N/A'),
(483, 'ELMER CUPAT', 'ELMER CUPAT', '', '', 'N/A'),
(484, 'JOSHUA SION', 'JOSHUA SION', '', '', 'N/A'),
(485, 'NOEMI ESPANOLA', 'NOEMI ESPANOLA', '', '', 'N/A'),
(486, 'AMNICON CONSTRUCTION', 'AMNICON CONSTRUCTION', '', '', 'N/A'),
(487, 'JOSEPH', 'JOSEPH', '', '', 'N/A'),
(488, 'DAWN CAYTUNA', 'DAWN CAYTUNA', '', '', 'N/A'),
(489, 'PRECISION TOOLINGS CORPORATION', 'PRECISION TOOLINGS CORPORATION', '', '', 'N/A'),
(490, 'JOY LACISTE', 'JOY LACISTE', '', '', 'N/A'),
(491, 'PROJECT DUO', 'PROJECT DUO', '', '', 'N/A'),
(492, 'JM MIRASOL', 'JM MIRASOL', '', '', 'N/A'),
(493, 'JAMES FRONDOSO', 'JAMES FRONDOSO', '10 1st Ave. Beverly Hills Subdivision', '', 'N/A'),
(494, 'GREEN NATURE RESORT', 'GREEN NATURE RESORT', 'Nagcarlan Laguna', '', 'N/A'),
(495, 'SWEET DYNAMICS CORPORATION', 'SWEET DYNAMICS CORPORATION', '', '', 'N/A'),
(496, 'JOHNREY SANTOS', 'JOHNREY SANTOS', '', '', 'N/A'),
(497, 'LIZA DE CASTRO', 'LIZA DE CASTRO', '', '', 'N/A'),
(498, 'EAGLE ELECTRIC OF THE PHILIPPINES', 'EAGLE ELECTRIC OF THE PHILIPPINES', '113 Eagle St. Ugong Industrial Site Pasig City', '', 'N/A'),
(499, 'MARK BRIAN ROQUE', 'MARK BRIAN ROQUE', '', '', 'N/A'),
(500, 'CRIS DERAIN', 'CRIS DERAIN', '', '', 'N/A'),
(501, 'THE EXCHANGE REGENCY CONDO CORPORATION', 'THE EXCHANGE REGENCY CONDO CORPORATION', '', '', 'N/A'),
(502, 'KUM KANG CERAMIC PHIL. CO., INC.', 'KUM KANG CERAMIC PHIL. CO., INC.', '', '', 'N/A'),
(503, 'KATHRYN FB', 'KATHRYN FB', '', '', 'N/A'),
(504, 'ALLDWIN ORTIZ', 'ALLDWIN ORTIZ', '', '', 'N/A'),
(505, 'CHUN MUK SCREW CENTER', 'CHUN MUK SCREW CENTER', 'STA. CRUZ, MANILA', '', 'N/A'),
(506, 'TELAN HIPE FLORES TELAN & ASSOCIATION INC.', 'TELAN HIPE FLORES TELAN & ASSOCIATION INC.', '', '', 'N/A'),
(507, 'GLENN DAMASCO', 'GLENN DAMASCO', '807th Avenue Cor. F. Roxas St. West Grace Park', '', 'N/A'),
(508, 'ELI EZEKIEL LIGHTING CORP.', 'ELI EZEKIEL LIGHTING CORP.', '31 Engracia St. Canulas Valenzuela City', '', 'N/A'),
(509, 'CHRISTIAN TAMAYAG', 'CHRISTIAN TAMAYAG', '20 KATARUNGAN PASIG CITY', '', 'N/A'),
(510, 'DINDO VILLANUEVA', 'DINDO VILLANUEVA', 'Taguig City', '', 'N/A'),
(511, 'MARK VELASQUEZ', 'MARK VELASQUEZ', 'Cainta Rizal', '09176217355', 'N/A'),
(512, 'CHRISTIAN TAMAYAG', 'CHRISTIAN TAMAYAG', '30 Katarungan Pasig', '', 'N/A'),
(513, 'SONNY MANUEL', 'SONNY MANUEL', 'Unit 10111 Spacio Bernardo Quezon City', '09260561321', 'N/A'),
(514, 'WENGRAFIX DIGITAL ADVERTISING SERVICES', 'WENGRAFIX DIGITAL ADVERTISING SERVICES', '128 A. Sandoval Avenue Pinagbuhatan Pasig City', '', 'N/A'),
(515, 'IMG SYSTEMTECHNIK INC.', 'IMG SYSTEMTECHNIK INC.', '', '', 'N/A'),
(516, 'KEVIN SIAT', 'KEVIN SIAT', '', '', 'N/A'),
(517, 'LARTIZAN CORPORATION', 'LARTIZAN CORPORATION', '', '', 'N/A'),
(518, 'DAIRY ZEST CORPORATION', 'DAIRY ZEST CORPORATION', '8100 C. Raymundo Ave. Brgy. Caniogan Pasig City', '8642-2002', 'N/A'),
(519, 'DANILO AMORES', 'DANILO AMORES', '', '', 'N/A'),
(520, 'VINCE RYAN', 'VINCE RYAN', '70B Justice Ramon Jabson St. Bambang Pasig City', '09750853962', 'N/A'),
(521, 'JJTAN INC.', 'JJTAN INC.', '', '', 'N/A'),
(522, 'LERTO PELAREJA', 'LERTO PELAREJA', '', '', 'N/A'),
(523, 'ALBERTO M. MONTILLA', 'ALBERTO M. MONTILLA', '878 Harvard St. Wack Wack Village Mandaluyong City', '', 'N/A'),
(524, 'WORD INTERNATIONAL MINISTRIES - LEGAZPI', 'WORD INTERNATIONAL MINISTRIES - LEGAZPI', '', '', 'N/A'),
(525, 'ARADA ADVERTISING', 'ARADA ADVERTISING', '', '', 'N/A'),
(526, 'A.S. SIGN', 'A.S. SIGN', '', '', 'N/A'),
(527, 'CARDONA MPC', 'CARDONA MPC', '', '', 'N/A'),
(528, 'VITAS HOLDING INC', 'VITAS HOLDING INC', '', '', 'N/A'),
(529, 'ALDRIN DELA CRUZ', 'ALDRIN DELA CRUZ', '', '', 'N/A'),
(530, 'ANDY PAUL BOZON', 'ANDY PAUL BOZON', '', '', 'N/A'),
(531, 'GIL RAMOS', 'GIL RAMOS', '', '', 'N/A'),
(532, 'SPMLINK CORPORATION', 'SPMLINK CORPORATION', '', '', 'N/A'),
(533, 'DUDWYT BUILDERS', 'DUDWYT BUILDERS', 'Lerica Homes Gen Trias Cavite', '', 'N/A'),
(534, 'EUROTRADE INT`L CORPORATION', 'EUROTRADE INT`L CORPORATION', '49 Elisco Rd., Kalawaan Pasig City', '09636331814', 'N/A'),
(535, 'ADEVEN SOLUTIONS INC.', 'ADEVEN SOLUTIONS INC.', '', '', 'N/A'),
(536, 'LUISITO F. TARIPE JR.', 'LUISITO F. TARIPE JR.', '', '', 'N/A'),
(537, 'PAMELA SANTOS', 'PAMELA SANTOS', '', '', 'N/A'),
(538, 'MOISES PERPENIA', 'MOISES PERPENIA', '', '', 'N/A'),
(539, 'JORGEN ADVERTISING INC.', 'JORGEN ADVERTISING INC.', '', '', 'N/A'),
(540, 'MELVIN LIMBAGO', 'MELVIN LIMBAGO', '', '', 'N/A'),
(541, 'DVK PHILIPPINES ENTERPRISES', 'DVK PHILIPPINES ENTERPRISES', '', '', 'N/A'),
(542, 'PERROQUET BLEU CORPORATION', 'PERROQUET BLEU CORPORATION', '', '', 'N/A'),
(543, 'CHRISTIAN SALAZAR', 'CHRISTIAN SALAZAR', '', '', 'N/A'),
(544, 'ALOU KOA', 'ALOU KOA', '', '', 'N/A'),
(545, 'AUTOMOBILE ASSOCIATION OF THE PHILIPPINES, INC.', 'AUTOMOBILE ASSOCIATION OF THE PHILIPPINES, INC.', 'AAP Tower 683 Aurora Blvd. Brgy. Mariana QuezonCit', '', 'N/A'),
(546, 'CIRCUIT-HELP PASIG', 'CIRCUIT-HELP PASIG', '', '', 'N/A'),
(547, 'MICHAEL INES', 'MICHAEL INES', '1103 Quintos Sr. St., Sampaloc Manila', '', 'N/A'),
(548, 'GRITXEL PRINTS CORPORATION', 'GRITXEL PRINTS CORPORATION', '', '', 'N/A'),
(549, 'JOEY CANLAS', 'JOEY CANLAS', '', '', 'N/A'),
(550, 'TRUMATCH GRAPHICS', 'TRUMATCH GRAPHICS', '', '', 'N/A'),
(551, 'RICHARD GOMEZ', 'RICHARD GOMEZ', '', '', 'N/A'),
(552, 'ARCIFEL', 'ARCIFEL', '', '', 'N/A'),
(553, 'DEFENSE & PROTECTION SYSTEM (DPSPI)', 'DEFENSE & PROTECTION SYSTEM (DPSPI)', '', '', 'N/A'),
(554, 'ERWIN MANALOTO', 'ERWIN MANALOTO', 'Angeles City', '009555604158', 'N/A'),
(555, 'ROBERT TAN', 'ROBERT TAN', '', '', 'N/A'),
(556, 'GT JIGS & CHECKERS MANUFACTURING INC.', 'GT JIGS & CHECKERS MANUFACTURING INC.', 'Carmelray Industrial Park II Brgy. Punta Calamba', '', 'N/A'),
(557, 'ST. MARGARET DIALYSIS & DIAGNOSIS', 'ST. MARGARET DIALYSIS & DIAGNOSIS', '', '', 'N/A'),
(558, 'AYLENE NEGRILLO', 'AYLENE NEGRILLO', '', '', 'N/A'),
(559, 'CJY MODULAR CONCEPTS & SERVICES INC.', 'CJY MODULAR CONCEPTS & SERVICES INC.', '#14 SAN JOSE ST. CORNER LINCON ST. BRGY. SAN ANTON', '09666020802', 'N/A'),
(560, 'PNB PASIG ORTIGAS EXT. BRANCH', 'PNB PASIG ORTIGAS EXT. BRANCH', '', '', 'N/A'),
(561, 'TERESA PRIETO', 'TERESA PRIETO', '21 JRA Subdivision Rosario Pasig City', '', 'N/A'),
(562, 'ROBERT STEVEN FOTHERGILL', 'ROBERT STEVEN FOTHERGILL', 'L29 Joy Nostal Center ADB San Antonio Pasig', '', 'N/A'),
(563, 'REY SANTOS', 'REY SANTOS', '', '', 'N/A'),
(564, 'JARLENE SAFETY SECURITY SERVICE INC.', 'JARLENE SAFETY SECURITY SERVICE INC.', '', '', 'N/A'),
(565, 'VIVIAN ORTILLA', 'VIVIAN ORTILLA', '', '', 'N/A'),
(566, 'J9 PRINTING SERVICES', 'J9 PRINTING SERVICES', '', '', 'N/A'),
(567, 'EPICUREAN PARTNERS EXCHANGE INC', 'EPICUREAN PARTNERS EXCHANGE INC', '', '', 'N/A'),
(568, 'FERICON FOODS CORP.', 'FERICON FOODS CORP.', '', '', 'N/A'),
(569, 'MEZAVERDE ENTERPRISES', 'MEZAVERDE ENTERPRISES', '', '', 'N/A'),
(570, 'CORRINE WU', 'CORRINE WU', '', '', 'N/A'),
(571, 'NIPPON TECH BUILDERS', 'NIPPON TECH BUILDERS', '357 San Agustin Ave. Brgy. Palatiw Pasig city', '', 'N/A'),
(572, 'LIBERTY FLOUR MILLS INC.', 'LIBERTY FLOUR MILLS INC.', '835 Liberty Bldg. Arnaiz Ave. Legaspi VillageMakat', '', 'N/A'),
(573, 'ALBERT VIBER', 'ALBERT VIBER', '', '', 'N/A'),
(574, 'ALMIRA TESORERO', 'ALMIRA TESORERO', '', '', 'N/A'),
(575, 'AUREA SKY GENERAL MERCHANDISE', 'AUREA SKY GENERAL MERCHANDISE', '', '', 'N/A'),
(576, 'MANUEL PERALTA', 'MANUEL PERALTA', '', '', 'N/A'),
(577, 'FIELDMAN JANITORIAL SERVICES', 'FIELDMAN JANITORIAL SERVICES', '', '', 'N/A'),
(578, 'ARTINFORMAL', 'ARTINFORMAL', '', '', 'N/A'),
(579, 'BIG BANNERS GRAPHICS', 'BIG BANNERS GRAPHICS', '', '', 'N/A'),
(580, 'DORY', 'DORY', '', '', 'N/A'),
(581, 'TGE OUTDOOR ADVERTISING', 'TGE OUTDOOR ADVERTISING', '', '', 'N/A'),
(582, 'HANSBAKE MARKETING CORPORATION', 'HANSBAKE MARKETING CORPORATION', '', '', 'N/A'),
(583, 'EDSON MARIANO', 'EDSON MARIANO', '', '', 'N/A'),
(584, 'GREGORIO MARTINEZ', 'GREGORIO MARTINEZ', 'B1 L13 PH3 MYRTLE ST. CRESTWOOD ANTIPOLO', '09777975234', 'N/A'),
(585, 'PROCESS SYNERGY INC.', 'PROCESS SYNERGY INC.', '', '', 'N/A'),
(586, 'RENE NUFABLE', 'RENE NUFABLE', '', '', 'N/A'),
(587, 'ROAN ALVAREZ', 'ROAN ALVAREZ', '', '', 'N/A'),
(588, 'CONVERGE INFORMATION & COMMUNICATION TECHNOLOGY', 'CONVERGE INFORMATION & COMMUNICATION TECHNOLOGY', '', '', 'N/A'),
(589, 'MEDELYN BALATUCAN', 'MEDELYN BALATUCAN', '', '', 'N/A'),
(590, 'RAPIDE', 'RAPIDE', '', '', 'N/A'),
(591, 'ANN LINZON', 'ANN LINZON', '', '', 'N/A'),
(592, 'NOEL MACALALAD', 'NOEL MACALALAD', '', '', 'N/A'),
(593, 'VYNEX SIGNS PHILS INC.', 'VYNEX SIGNS PHILS INC.', 'LOT B STA MARIA DRIVE TBCAI BAGUMBAYAN TAGUIG CITY', '', 'N/A'),
(594, 'TEAMBAKE MARKETING CORP', 'TEAMBAKE MARKETING CORP', '', '', 'N/A'),
(595, 'DIVAN AND SETTEE TRENDS CORPORATION', 'DIVAN AND SETTEE TRENDS CORPORATION', '3725 ME BUNSARAN 1', '', 'N/A'),
(596, 'EDUARDO GAJETE', 'EDUARDO GAJETE', '', '', 'N/A'),
(597, 'PATRICK ORDO?EZ', 'PATRICK ORDO?EZ', '', '', 'N/A'),
(598, 'NEW HI-GRADE GLASS & ALUMINUM SUPPLY, INC.', 'NEW HI-GRADE GLASS & ALUMINUM SUPPLY, INC.', 'RIVERSIDE DRIVE NR COR ORTIGAS AVE BRGY STA LUCIA', '', 'N/A'),
(599, 'ST. BERNARD TRADING & GENERAL MERCHANDISE', 'ST. BERNARD TRADING & GENERAL MERCHANDISE', '', '', 'N/A'),
(600, 'JAIME MABUNGA', 'JAIME MABUNGA', '', '', 'N/A'),
(601, 'SIGNARAMA', 'SIGNARAMA', '', '', 'N/A'),
(602, 'RAMON M. FRIA BUILDERS', 'RAMON M. FRIA BUILDERS', '88G GUSTAVUS ST. KINGSVILLE SUBD. ANTIPOLO', '', 'N/A'),
(603, 'LOC & STOR 24/7, INC.', 'LOC & STOR 24/7, INC.', '', '', 'N/A'),
(604, 'CESS ICE CREAM', 'CESS ICE CREAM', '', '', 'N/A'),
(605, 'ROBERT LAVINA', 'ROBERT LAVINA', '', '', 'N/A'),
(606, 'GERALD SUDAYAN', 'GERALD SUDAYAN', '', '', 'N/A'),
(607, 'LITO QUILES', 'LITO QUILES', '', '', 'N/A'),
(608, 'NOEL SABICON', 'NOEL SABICON', '', '', 'N/A'),
(609, 'EDELBERTO LUPANGO JR.', 'EDELBERTO LUPANGO JR.', '', '', 'N/A'),
(610, 'JOHN PAUL ICBAN', 'JOHN PAUL ICBAN', '', '', 'N/A'),
(611, 'MAGNA BUILDERS', 'MAGNA BUILDERS', '524 EDSA BRGY SOCORRO CUBAO QUEZON CITY', '', 'N/A'),
(612, 'GEMPHIL ELECTRONICS ASSEMBLES, INC', 'GEMPHIL ELECTRONICS ASSEMBLES, INC', 'BLK1 LOT8 BRGY. MADUYA CARMONA CAVITE', '', 'N/A'),
(613, 'LISA MALABANAN', 'LISA MALABANAN', '', '', 'N/A'),
(614, 'BALDO CONSTRUCTION & DEV. CORP.', 'BALDO CONSTRUCTION & DEV. CORP.', 'UNIT 711 WEST TOWER, PSE CENTER EXCHANGE ROAD ORTI', '', 'N/A'),
(615, 'RGL ALUMINUM & GLASS HOUSE', 'RGL ALUMINUM & GLASS HOUSE', '', '', 'N/A'),
(616, 'JOHN JOSEPH FLORENDO', 'JOHN JOSEPH FLORENDO', '', '', 'N/A'),
(617, 'BOBBY RUBIA', 'BOBBY RUBIA', '', '', 'N/A'),
(618, 'IFACE', 'IFACE', '', '', 'N/A'),
(619, 'PATCHES ENT', 'PATCHES ENT', '', '', 'N/A'),
(620, 'PUBLIC SAVINGS SAFETY & LOANS ASSOCIATION, INC.', 'PUBLIC SAVINGS SAFETY & LOANS ASSOCIATION, INC.', '', '', 'N/A'),
(621, 'ALLIANZ SYNERGIA', 'ALLIANZ SYNERGIA', '1465 E. RODRIGUEZ AVENUE QUEZON CITY', '', 'N/A'),
(622, 'RAMIL CAPISTRANO', 'RAMIL CAPISTRANO', '', '', 'N/A'),
(623, 'MICHELLE AFABLE', 'MICHELLE AFABLE', '', '', 'N/A'),
(624, 'SEAMLESS SIGNS AND GEN.', 'SEAMLESS SIGNS AND GEN.', '', '', 'N/A'),
(625, 'ALLAN CABALLERO', 'ALLAN CABALLERO', '', '', 'N/A'),
(626, 'JERRELYN BRAGAIS', 'JERRELYN BRAGAIS', '', '', 'N/A'),
(627, 'ARMAK TAPE CORPORATION', 'ARMAK TAPE CORPORATION', '', '', 'N/A'),
(628, 'MANILA PLASTIC INC.', 'MANILA PLASTIC INC.', '', '', 'N/A'),
(629, 'D.A. MOJICA', 'D.A. MOJICA', '', '', 'N/A'),
(630, 'FRANCISCO JESUS', 'FRANCISCO JESUS', '', '', 'N/A'),
(631, 'LEO M. SAMSON', 'LEO M. SAMSON', '', '', 'N/A'),
(632, 'TABLA PRIMERA FURNITURE MFTG.', 'TABLA PRIMERA FURNITURE MFTG.', '', '', 'N/A'),
(633, 'EUROTRADE INTERNATIONAL CORP.', 'EUROTRADE INTERNATIONAL CORP.', '49 ELISO RD. KALAWAAN QUEZON CITY', '', 'N/A'),
(634, 'ANTONIO DELLOSA', 'ANTONIO DELLOSA', '', '', 'N/A'),
(635, 'NCH PHILIPPINES INC.', 'NCH PHILIPPINES INC.', '', '', 'N/A'),
(636, 'APO CHEMICAL & MANUFACTURING CORP', 'APO CHEMICAL & MANUFACTURING CORP', '', '', 'N/A'),
(637, 'DANILO ARIOLA', 'DANILO ARIOLA', '', '', 'N/A'),
(638, 'EDSEL RALMOS', 'EDSEL RALMOS', '', '', 'N/A'),
(639, 'LUIGI MELO', 'LUIGI MELO', '', '', 'N/A'),
(640, 'RONALD ALLANARES', 'RONALD ALLANARES', '', '', 'N/A'),
(641, 'SEVEN SHARP GRAPHIC DESIGN SERVICES', 'SEVEN SHARP GRAPHIC DESIGN SERVICES', '', '', 'N/A'),
(642, 'REINER DELA PAZ', 'REINER DELA PAZ', '', '', 'N/A'),
(643, 'FROILAN VILLARIA', 'FROILAN VILLARIA', '', '', 'N/A'),
(644, 'MINA SUYU', 'MINA SUYU', '', '09271514401', 'N/A'),
(645, 'RJ FRANCISCO', 'RJ FRANCISCO', '', '', 'N/A'),
(646, 'EQUIPMENT AND RENTAL SERVICES', 'EQUIPMENT AND RENTAL SERVICES', '', '', 'N/A'),
(647, 'BUILDERS PRO', 'BUILDERS PRO', '', '', 'N/A'),
(648, 'SMITS INC', 'SMITS INC', '', '', 'N/A'),
(649, 'NILO VALLE CHINILLA', 'NILO VALLE CHINILLA', '', '', 'N/A'),
(650, 'RJ CRUZ', 'RJ CRUZ', '', '', 'N/A'),
(651, 'ROY ANGELO L. PERALTA', 'ROY ANGELO L. PERALTA', '', '', 'N/A'),
(652, 'EMBRE JOY MONTERO', 'EMBRE JOY MONTERO', '', '', 'N/A'),
(653, 'JULES LAPUS', 'JULES LAPUS', '', '', 'N/A'),
(654, 'MONIQUE CRUZ', 'MONIQUE CRUZ', '', '', 'N/A'),
(655, 'JOSEPH CHRISTIAN SANTOS', 'JOSEPH CHRISTIAN SANTOS', '', '', 'N/A'),
(656, 'GLENN CHAN', 'GLENN CHAN', '', '', 'N/A'),
(657, 'LALAINE MORILES', 'LALAINE MORILES', '', '', 'N/A'),
(658, 'MARGAUTH NERA', 'MARGAUTH NERA', '', '', 'N/A'),
(659, 'LUANNE MARIE DOBLAR TORREMORO', 'LUANNE MARIE DOBLAR TORREMORO', '', '', 'N/A'),
(660, 'RONALD ALFRED PANES', 'RONALD ALFRED PANES', '', '', 'N/A'),
(661, 'KIM ESPERA', 'KIM ESPERA', '', '', 'N/A'),
(662, 'GLORY GRACE DIANA', 'GLORY GRACE DIANA', '', '', 'N/A'),
(663, 'DENNIS LUMANTA', 'DENNIS LUMANTA', '', '', 'N/A'),
(664, 'KEIZER JOHN CIMATU', 'KEIZER JOHN CIMATU', '', '', 'N/A'),
(665, 'JOVI TAN', 'JOVI TAN', '', '', 'N/A'),
(666, 'MARLON DELA CRUZ', 'MARLON DELA CRUZ', '', '', 'N/A'),
(667, 'JOLLYFISH PETSHOP', 'JOLLYFISH PETSHOP', '', '', 'N/A'),
(668, 'REY CALANO', 'REY CALANO', '', '', 'N/A'),
(669, 'RAISSA P. GLORIA', 'RAISSA P. GLORIA', '', '', 'N/A'),
(670, 'JAYSON BONDOC', 'JAYSON BONDOC', '', '', 'N/A'),
(671, 'ALCA HOME INTERIOR DESIGN', 'ALCA HOME INTERIOR DESIGN', '', '', 'N/A'),
(672, 'GARRY VELASCO', 'GARRY VELASCO', '', '', 'N/A'),
(673, 'GARRY VELASCO', 'GARRY VELASCO', '', '', 'N/A'),
(674, 'IMADE LIGHT SOLUTIONS INC.', 'IMADE LIGHT SOLUTIONS INC.', '', '', 'N/A'),
(675, 'RAMON CARLO LEGAZPI', 'RAMON CARLO LEGAZPI', '', '', 'N/A'),
(676, 'FLORES GACIAS', 'FLORES GACIAS', '', '', 'N/A'),
(677, 'JOSEPH SANTIAGO', 'JOSEPH SANTIAGO', '', '', 'N/A'),
(678, 'ALBERT D. ABIBAS', 'ALBERT D. ABIBAS', '', '', 'N/A'),
(679, 'LUCOS BUILDERS', 'LUCOS BUILDERS', 'FERNANDO AVENUE KAPWA MARIKINA 1800', '', 'N/A'),
(680, 'ALEXANDER ABELLAZA', 'ALEXANDER ABELLAZA', '', '', 'N/A'),
(681, 'MOHS ANALYTICS', 'MOHS ANALYTICS', '', '', 'N/A'),
(682, 'ANDRADA', 'ANDRADA', '', '', 'N/A'),
(683, 'SMART COMMUNICATIONS, INC', 'SMART COMMUNICATIONS, INC', '', '', 'N/A'),
(684, 'MARICEL', 'MARICEL', '', '', 'N/A'),
(685, 'KENNETH BERNARDO', 'KENNETH BERNARDO', '', '', 'N/A'),
(686, 'CRISSA BERNARTE', 'CRISSA BERNARTE', '', '', 'N/A'),
(687, 'WILMA FACTURANAN', 'WILMA FACTURANAN', '', '', 'N/A'),
(688, 'MIRRA KOO', 'MIRRA KOO', '', '', 'N/A'),
(689, 'PAMELA V', 'PAMELA V', '', '', 'N/A'),
(690, 'ELMAR SIMBAJON', 'ELMAR SIMBAJON', '', '', 'N/A'),
(691, 'ALPHA MULTICORE ADVERTISING CORP.', 'ALPHA MULTICORE ADVERTISING CORP.', 'BRGY. DOLORES TAYTAY RIZAL', '', 'N/A'),
(692, 'THEA RONSARIO', 'THEA RONSARIO', '', '', 'N/A'),
(693, 'TIFFANY', 'TIFFANY', '', '', 'N/A'),
(694, 'STI PARKING SERVICES, INC.', 'STI PARKING SERVICES, INC.', '', '', 'N/A'),
(695, 'LIAHKIM YAO', 'LIAHKIM YAO', '', '', 'N/A'),
(696, 'IAN ONG', 'IAN ONG', '', '', 'N/A'),
(697, 'ISABEL & ALFREDO AQUILIZAN', 'ISABEL & ALFREDO AQUILIZAN', '', '', 'N/A'),
(698, 'JENNY`S GARMENTS, INC.', 'JENNY`S GARMENTS, INC.', '', '', 'N/A'),
(699, 'PREMIER CUSTOMER CARE CORP.', 'PREMIER CUSTOMER CARE CORP.', '2C ETD BLDG BALDERAMA ST. BAMBANG PASIG CITY', '', 'N/A'),
(700, 'MEL PANGANIBAN', 'MEL PANGANIBAN', '', '', 'N/A'),
(701, 'TIGERPRINTS INC.', 'TIGERPRINTS INC.', '', '', 'N/A'),
(702, 'VOLTAIRE REYES', 'VOLTAIRE REYES', '', '', 'N/A'),
(703, 'BLUE MOUNTAIN', 'BLUE MOUNTAIN', '', '', 'N/A'),
(704, 'ANGELEE ROGUIN REYES ENT.', 'ANGELEE ROGUIN REYES ENT.', '', '', 'N/A'),
(705, 'JEFFREY S. VIRGO', 'JEFFREY S. VIRGO', '', '', 'N/A'),
(706, 'RICKY REYNANTE', 'RICKY REYNANTE', '', '', 'N/A'),
(707, 'RJ JAVIER', 'RJ JAVIER', '', '', 'N/A'),
(708, 'RVS FISHWORLD, INC.', 'RVS FISHWORLD, INC.', '', '', 'N/A'),
(709, 'GILBERT ALBIS', 'GILBERT ALBIS', '', '', 'N/A'),
(710, 'GCOM SYS', 'GCOM SYS', '', '', 'N/A'),
(711, 'GERON L. ANORE GENERAL SERVICES', 'GERON L. ANORE GENERAL SERVICES', '', '', 'N/A'),
(712, 'DEPARTMENT OF PUBLIC WORKS & HIGHWAYS (DPWH)', 'DEPARTMENT OF PUBLIC WORKS & HIGHWAYS (DPWH)', '2ND FLOOR, DPWH BUREAU OF MAINTENANCE BLDG 2', '', 'N/A'),
(713, 'JAYSON RAMIREZ', 'JAYSON RAMIREZ', '', '', 'N/A'),
(714, 'MABINI PROPERTIES INC.', 'MABINI PROPERTIES INC.', '', '', 'N/A'),
(715, 'CHATELYN QUINONES', 'CHATELYN QUINONES', '', '', 'N/A'),
(716, 'SUNSHINE MULTI PLUS CORPORATION', 'SUNSHINE MULTI PLUS CORPORATION', '', '', 'N/A'),
(717, 'E.L. ADVERTISING', 'E.L. ADVERTISING', '', '', 'N/A'),
(718, 'MANUEL NEJAR JR.', 'MANUEL NEJAR JR.', '', '', 'N/A'),
(719, 'JHANNY LIM', 'JHANNY LIM', '', '', 'N/A'),
(720, 'MAY ANN BATER', 'MAY ANN BATER', '', '', 'N/A'),
(721, 'GENESIS BANAT', 'GENESIS BANAT', '', '', 'N/A'),
(722, 'PASIG UNITED LUMBER', 'PASIG UNITED LUMBER', '', '', 'N/A'),
(723, 'JONEL VICTOR PINEDA', 'JONEL VICTOR PINEDA', '', '', 'N/A'),
(724, 'JOANE MERCADO', 'JOANE MERCADO', '', '', 'N/A'),
(725, 'KAUNLARAN TRUCK BODY BUILDER CORP', 'KAUNLARAN TRUCK BODY BUILDER CORP', '157 M.L. QUEZON ST. PUROK 3 NEW LOWER BICUTAN TAGU', '', 'N/A'),
(726, 'SALVADOR STA MARIA', 'SALVADOR STA MARIA', '', '', 'N/A'),
(727, 'PHILSTOCKS', 'PHILSTOCKS', '', '', 'N/A'),
(728, 'MARVIN REGIS', 'MARVIN REGIS', '', '', 'N/A'),
(729, 'KATHLEEN ALMAYDA', 'KATHLEEN ALMAYDA', '', '', 'N/A'),
(730, 'MARILYN NOVIO', 'MARILYN NOVIO', '', '', 'N/A'),
(731, 'JUNSKI ROMULO', 'JUNSKI ROMULO', '', '', 'N/A'),
(732, 'EDDIE T. CAFE JR', 'EDDIE T. CAFE JR', '', '', 'N/A'),
(733, 'JESSICA KRISTINE MANTIQUILLA', 'JESSICA KRISTINE MANTIQUILLA', '', '', 'N/A'),
(734, 'MARKCHRISTIANMAGO', 'MARKCHRISTIANMAGO', '', '', 'N/A'),
(735, 'RPGUATATO', 'RPGUATATO', '', '', 'N/A'),
(736, 'PSULICIPAN', 'PSULICIPAN', '', '', 'N/A'),
(737, 'TARANTULASTRESSRELIEVER', 'TARANTULASTRESSRELIEVER', '', '', 'N/A');
INSERT INTO `customers` (`customers_id`, `customers_name`, `customers_company`, `customers_address`, `customers_contact`, `customers_note`) VALUES
(738, 'BONZAYOO', 'BONZAYOO', '', '', 'N/A'),
(739, 'STEVENFORD18', 'STEVENFORD18', '', '', 'N/A'),
(740, 'SAMANTHAGRIZZELLE', 'SAMANTHAGRIZZELLE', '', '', 'N/A'),
(741, 'CLODUS', 'CLODUS', '', '', 'N/A'),
(742, 'ZMYHAPPTEC', 'ZMYHAPPTEC', '', '', 'N/A'),
(743, 'JOISHAWUATCO', 'JOISHAWUATCO', '', '', 'N/A'),
(744, 'YVOREYES', 'YVOREYES', '', '', 'N/A'),
(745, 'BABSKENITO', 'BABSKENITO', '', '', 'N/A'),
(746, 'LEEDARRELPAREJA', 'LEEDARRELPAREJA', '', '', 'N/A'),
(747, 'FARKCHIMICHANGA', 'FARKCHIMICHANGA', '', '', 'N/A'),
(748, 'M_LUISTO2004', 'M_LUISTO2004', '', '', 'N/A'),
(749, 'EMMANUELGONZALESNEBREJA', 'EMMANUELGONZALESNEBREJA', '', '', 'N/A'),
(750, 'JONALD_ROSAL', 'JONALD_ROSAL', '', '', 'N/A'),
(751, 'CJ_CHAVEZ', 'CJ_CHAVEZ', '', '', 'N/A'),
(752, 'WARTOOTH2430', 'WARTOOTH2430', '', '', 'N/A'),
(753, 'ALLANPARAYAOAN', 'ALLANPARAYAOAN', '', '', 'N/A'),
(754, 'KEYCEKEVS', 'KEYCEKEVS', '', '', 'N/A'),
(755, 'PJEANAMONICA', 'PJEANAMONICA', '', '', 'N/A'),
(756, 'ARJHELRUSTIA', 'ARJHELRUSTIA', '', '', 'N/A'),
(757, 'JOMSROXAS', 'JOMSROXAS', '', '', 'N/A'),
(758, 'OCHOWALO', 'OCHOWALO', '', '', 'N/A'),
(759, 'ANGELASALES13', 'ANGELASALES13', '', '', 'N/A'),
(760, 'EMSREYES', 'EMSREYES', '', '', 'N/A'),
(761, 'EVELYNFANGON', 'EVELYNFANGON', '', '', 'N/A'),
(762, 'BJANBERNABE', 'BJANBERNABE', '', '', 'N/A'),
(763, 'ORMICS', 'ORMICS', '', '', 'N/A'),
(764, 'FERDINANDJOSEPHFERNANDEZ', 'FERDINANDJOSEPHFERNANDEZ', '', '', 'N/A'),
(765, 'TEYMATIENZO', 'TEYMATIENZO', '', '', 'N/A'),
(766, 'BIGDADDY13', 'BIGDADDY13', '', '', 'N/A'),
(767, 'STELLITE COMMERCIAL, INC.', 'STELLITE COMMERCIAL, INC.', '17 CALBAYOG ST. BRGY. HIGHWAY HILLS, MANDALUYONG', '', 'N/A'),
(768, 'GALLERIE FRANCHESCA', 'GALLERIE FRANCHESCA', '', '', 'N/A'),
(769, 'JUDE CARBONELL', 'JUDE CARBONELL', '', '', 'N/A'),
(770, 'MICHAEL MATEO', 'MICHAEL MATEO', '', '', 'N/A'),
(771, 'ROSALINA TAGULIMOT', 'ROSALINA TAGULIMOT', '', '', 'N/A'),
(772, 'MARK KWAN', 'MARK KWAN', '', '', 'N/A'),
(773, 'VANNA SEVERINO', 'VANNA SEVERINO', '', '', 'N/A'),
(774, 'NELDA DELA ROSA', 'NELDA DELA ROSA', '', '', 'N/A'),
(775, 'NERIO_ARELLANO', 'NERIO_ARELLANO', '', '', 'N/A'),
(776, 'MASKARA.PH', 'MASKARA.PH', '', '', 'N/A'),
(777, 'WINSHER04', 'WINSHER04', '', '', 'N/A'),
(778, 'LITU5', 'LITU5', '', '', 'N/A'),
(779, 'CHRISTIENECRUZ', 'CHRISTIENECRUZ', '', '', 'N/A'),
(780, 'MARKJOSEPHPANOPIO', 'MARKJOSEPHPANOPIO', '', '', 'N/A'),
(781, 'MICHAELJOSEPHTOLENTINO', 'MICHAELJOSEPHTOLENTINO', '', '', 'N/A'),
(782, 'MYTHOD', 'MYTHOD', '', '', 'N/A'),
(783, 'JULIACEE', 'JULIACEE', '', '', 'N/A'),
(784, 'GMEDINA', 'GMEDINA', '', '', 'N/A'),
(785, 'BOKCHICKENLU', 'BOKCHICKENLU', '', '', 'N/A'),
(786, 'CHIONE', 'CHIONE', '', '', 'N/A'),
(787, 'BABES911TER611', 'BABES911TER611', '', '', 'N/A'),
(788, 'JASONVINCENTMATICAGANON', 'JASONVINCENTMATICAGANON', '', '', 'N/A'),
(789, 'VALERIE_TOR', 'VALERIE_TOR', '', '', 'N/A'),
(790, 'ELLERSANTOS43', 'ELLERSANTOS43', '', '', 'N/A'),
(791, 'JAYJAY117', 'JAYJAY117', '', '', 'N/A'),
(792, 'RYGELITO', 'RYGELITO', '', '', 'N/A'),
(793, 'NOELAGUINALDO', 'NOELAGUINALDO', '', '', 'N/A'),
(794, 'KAPITUTAN', 'KAPITUTAN', '', '', 'N/A'),
(795, 'ALLENBAONICOLAI45', 'ALLENBAONICOLAI45', '', '', 'N/A'),
(796, 'BARONCHOIWONG', 'BARONCHOIWONG', '', '', 'N/A'),
(797, 'WILSHOPS90', 'WILSHOPS90', '', '', 'N/A'),
(798, 'TMF & CO.', 'TMF & CO.', 'ROSE INDUSTRY 11 PIONEER ST. PASIG CITY', '', 'N/A'),
(799, 'GCSJ METAL FABRICATION', 'GCSJ METAL FABRICATION', '', '', 'N/A'),
(800, 'AMERICAN TECHNOLOGIES INC', 'AMERICAN TECHNOLOGIES INC', '', '', 'N/A'),
(801, 'DIPOLOG GOODWILL MARKETING', 'DIPOLOG GOODWILL MARKETING', '', '', 'N/A'),
(802, 'LITO CUEVAS', 'LITO CUEVAS', '', '', 'N/A'),
(803, 'DETAIL CORNER GARAGE', 'DETAIL CORNER GARAGE', '', '', 'N/A'),
(804, 'JEILANI LOPEZ', 'JEILANI LOPEZ', '', '', 'N/A'),
(805, 'REYES SHIRLEY', 'REYES SHIRLEY', '', '', 'N/A'),
(806, 'REGGIE FERNANDEZ', 'REGGIE FERNANDEZ', '', '', 'N/A'),
(807, 'CHARM MILES ENTERPRISES', 'CHARM MILES ENTERPRISES', '', '', 'N/A'),
(808, 'SHEEMIDOO', 'SHEEMIDOO', '', '', 'N/A'),
(809, 'DNLLMRCD', 'DNLLMRCD', '', '', 'N/A'),
(810, 'JHEI170118', 'JHEI170118', '', '', 'N/A'),
(811, 'KENNETHANTEROLA', 'KENNETHANTEROLA', '', '', 'N/A'),
(812, 'RJMPEREZ', 'RJMPEREZ', '', '', 'N/A'),
(813, 'ALBERTVITUG', 'ALBERTVITUG', '', '', 'N/A'),
(814, 'JEREMY', 'JEREMY', '', '', 'N/A'),
(815, 'JEREMYTIU', 'JEREMYTIU', '', '', 'N/A'),
(816, 'ANDREWCARASIG', 'ANDREWCARASIG', '', '', 'N/A'),
(817, 'MICHAEL AGUILA', 'MICHAEL AGUILA', '', '', 'N/A'),
(818, 'POKENGINERZ112', 'POKENGINERZ112', '', '', 'N/A'),
(819, 'JARRELNIEVALOMO', 'JARRELNIEVALOMO', '', '', 'N/A'),
(820, 'DERFLANOJ', 'DERFLANOJ', '', '', 'N/A'),
(821, 'PAOLO_LORENZOM', 'PAOLO_LORENZOM', '', '', 'N/A'),
(822, 'KITHROXAS04', 'KITHROXAS04', '', '', 'N/A'),
(823, 'KENVILLACORTA', 'KENVILLACORTA', '', '', 'N/A'),
(824, 'GLAIZACLAIREBAUTISTA', 'GLAIZACLAIREBAUTISTA', '', '', 'N/A'),
(825, 'KYLLEPROXAS', 'KYLLEPROXAS', '', '', 'N/A'),
(826, 'LENGHISKHAN16', 'LENGHISKHAN16', '', '', 'N/A'),
(827, 'NELSONZATECABRERA', 'NELSONZATECABRERA', '', '', 'N/A'),
(829, 'RAFFLYNEE_FLORES', 'RAFFLYNEE_FLORES', '', '', 'N/A'),
(830, 'NILO ILARDE', 'NILO ILARDE', '', '', 'N/A'),
(831, 'JSR CYCLEPARTS', 'JSR CYCLEPARTS', '', '', 'N/A'),
(832, 'IVY BESA', 'IVY BESA', '', '', 'N/A'),
(833, 'TED AMPER', 'TED AMPER', '', '', 'N/A'),
(834, 'SIMPLEX INDUSTRIAL CORPORATION', 'SIMPLEX INDUSTRIAL CORPORATION', '', '', 'N/A'),
(835, 'JAKE LAZO', 'JAKE LAZO', '', '', 'N/A'),
(836, 'S.G.G.M.', 'S.G.G.M.', '', '', 'N/A'),
(837, 'F. BERNAL METAL CRAFT', 'F. BERNAL METAL CRAFT', '', '', 'N/A'),
(838, 'UNICA PAGUIO', 'UNICA PAGUIO', '', '', 'N/A'),
(839, 'STATEMOTOR CORPORATION', 'STATEMOTOR CORPORATION', '3F STATE CENTRE II ORTIGAS AVENUE MANDALUYONG', '', 'N/A'),
(840, 'ABRAHAM SANTOS', 'ABRAHAM SANTOS', '', '', 'N/A'),
(841, 'EL ORO', 'EL ORO', '', '', 'N/A'),
(842, 'VIL CEREDON', 'VIL CEREDON', '', '', 'N/A'),
(843, 'FRANCIS AZANA', 'FRANCIS AZANA', '', '', 'N/A'),
(844, 'AG FAB GRAFIX, INC.', 'AG FAB GRAFIX, INC.', '', '', 'N/A'),
(845, 'PAOLO SERRANO', 'PAOLO SERRANO', '', '', 'N/A'),
(846, 'LARRY ORBIDA', 'LARRY ORBIDA', '', '', 'N/A'),
(847, 'ODSI LOGISTICS CORPORATION', 'ODSI LOGISTICS CORPORATION', 'HOLY SPIRIT QUEZON CITY', '', 'N/A'),
(848, 'FULL CREATIVE INNOVATION', 'FULL CREATIVE INNOVATION', '', '', 'N/A'),
(849, 'UNITY EXPRESS INDUSTRIAL CORPORATION', 'UNITY EXPRESS INDUSTRIAL CORPORATION', 'RM. 305 QUADRILLON MANSION M. PATERNO COR. N. DOMI', '', 'N/A'),
(850, 'GOMER MOPERA', 'GOMER MOPERA', '', '', 'N/A'),
(851, 'MCM GRAPHICS', 'MCM GRAPHICS', '', '', 'N/A'),
(852, 'SUPERSTAR COCONUT PRODUCTS CO., INC', 'SUPERSTAR COCONUT PRODUCTS CO., INC', 'BO. MALABANBAN NORTE CANDELARIA QUEZON', '', 'N/A'),
(853, 'PLANTERS PRODUCTS INC.', 'PLANTERS PRODUCTS INC.', '', '', 'N/A'),
(854, 'JASON ALCANTARA', 'JASON ALCANTARA', '', '', 'N/A'),
(855, 'IDEAMAX DESIGNS, INC.', 'IDEAMAX DESIGNS, INC.', '', '', 'N/A'),
(856, 'SHIRLEY REYES', 'SHIRLEY REYES', '', '', 'N/A'),
(857, 'ECEL FB', 'ECEL FB', '', '', 'N/A'),
(858, 'ANNALYN GUILAS', 'ANNALYN GUILAS', '', '', 'N/A'),
(859, 'ROVIC CHAVEZ', 'ROVIC CHAVEZ', '', '', 'N/A'),
(860, 'SSR ARCHITECTURAL SCALE MODEL', 'SSR ARCHITECTURAL SCALE MODEL', '', '', 'N/A'),
(861, 'CHESNEYVALE (PHILS) INC.', 'CHESNEYVALE (PHILS) INC.', '', '', 'N/A'),
(862, 'NILO ILARDE', 'NILO ILARDE', '', '', 'N/A'),
(863, 'TOOLBOX PRECISION INC.', 'TOOLBOX PRECISION INC.', '', '', 'N/A'),
(864, 'LYNGUERREROWAPPI', 'LYNGUERREROWAPPI', '', '', 'N/A'),
(865, 'BRENTJEFFSONFLORENDO', 'BRENTJEFFSONFLORENDO', '', '', 'N/A'),
(866, 'REHMILP', 'REHMILP', '', '', 'N/A'),
(867, 'KEN JI', 'KEN JI', '', '', 'N/A'),
(868, 'KEN JIMENEZ', 'KEN JIMENEZ', '', '', 'N/A'),
(869, 'MARGARITA MONTIEL KITCHEN CABINETRY', 'MARGARITA MONTIEL KITCHEN CABINETRY', '', '', 'N/A'),
(870, 'PATRICK LIM', 'PATRICK LIM', '', '', 'N/A'),
(871, 'VITO VENEZUELA', 'VITO VENEZUELA', '', '', 'N/A'),
(872, 'REY BENEDICTO', 'REY BENEDICTO', '', '', 'N/A'),
(873, 'EDWIN', 'EDWIN', '', '', 'N/A'),
(874, 'ROYAL CREST MARINE & ENGINEERING CONSULTANCY', 'ROYAL CREST MARINE & ENGINEERING CONSULTANCY', '', '', 'N/A'),
(875, 'PAOLO ANGELO BRAVO', 'PAOLO ANGELO BRAVO', '', '', 'N/A'),
(876, 'CAPITOL 8 GAS & FUEL STATION, INC.', 'CAPITOL 8 GAS & FUEL STATION, INC.', '', '', 'N/A'),
(877, 'KYRONNEFLORES', 'KYRONNEFLORES', '', '', 'N/A'),
(878, 'KEVINFGALIZA', 'KEVINFGALIZA', '', '', 'N/A'),
(879, 'CALAMBA212021', 'CALAMBA212021', '', '', 'N/A'),
(880, 'MYADRIAN01', 'MYADRIAN01', '', '', 'N/A'),
(881, 'NOVZOCBIAN', 'NOVZOCBIAN', '', '', 'N/A'),
(882, 'ARVIN221', 'ARVIN221', '', '', 'N/A'),
(883, 'RACWENPOLARIS', 'RACWENPOLARIS', '', '', 'N/A'),
(884, 'NANINS', 'NANINS', '', '', 'N/A'),
(885, 'S67GOHMJOW', 'S67GOHMJOW', '', '', 'N/A'),
(886, 'IDATAKAHASHI', 'IDATAKAHASHI', '', '', 'N/A'),
(887, 'KNCKFF', 'KNCKFF', '', '', 'N/A'),
(888, 'EVE3203', 'EVE3203', '', '', 'N/A'),
(889, 'JJTOWERS', 'JJTOWERS', '', '', 'N/A'),
(890, 'RAFAELACABOVENTURA', 'RAFAELACABOVENTURA', '', '', 'N/A'),
(891, 'DECKGUZIE', 'DECKGUZIE', '', '', 'N/A'),
(892, 'BERNARDOHBERNARDO', 'BERNARDOHBERNARDO', '', '', 'N/A'),
(893, 'APPLEANGELESBONGON', 'APPLEANGELESBONGON', '', '', 'N/A'),
(894, 'CRISSABERNARTE', 'CRISSABERNARTE', '', '', 'N/A'),
(895, 'NORBERTANGELES1972', 'NORBERTANGELES1972', '', '', 'N/A'),
(896, 'COJERA', 'COJERA', '', '', 'N/A'),
(897, 'DELCON144', 'DELCON144', '', '', 'N/A'),
(898, 'NICADIANNE', 'NICADIANNE', '', '', 'N/A'),
(899, 'BOSS', 'BOSS', '', '', 'N/A'),
(900, 'ARNEL SALTAT', 'ARNEL SALTAT', '', '', 'N/A'),
(901, 'JEHAN CORPORATION', 'JEHAN CORPORATION', '29 M.L. QUEZON STREET MANGGAHAN PASIG CITY', '', 'N/A'),
(902, 'PJS ART GALLERY', 'PJS ART GALLERY', '', '', 'N/A'),
(903, 'PAULO BELLO', 'PAULO BELLO', '', '', 'N/A'),
(904, 'JANIS SERRANA', 'JANIS SERRANA', '', '', 'N/A'),
(905, 'CONRADO AMBROSIO', 'CONRADO AMBROSIO', '', '', 'N/A'),
(906, 'BONG OBEDA', 'BONG OBEDA', '', '', 'N/A'),
(907, 'JOEL SANTAC', 'JOEL SANTAC', '', '', 'N/A'),
(908, 'REYLAN DEO ASIO', 'REYLAN DEO ASIO', '', '', 'N/A'),
(909, 'JEREMIAHSON BUILDERS', 'JEREMIAHSON BUILDERS', '', '', 'N/A'),
(910, 'GILBERT NG', 'GILBERT NG', '', '', 'N/A'),
(911, 'HARRY SALVADOR', 'HARRY SALVADOR', '', '', 'N/A'),
(912, 'AD CENTRAL EVENTS INC.', 'AD CENTRAL EVENTS INC.', '', '', 'N/A'),
(913, 'MARVIN ABULENCIA', 'MARVIN ABULENCIA', '', '', 'N/A'),
(914, 'MARILOU ALAPAG', 'MARILOU ALAPAG', '', '', 'N/A'),
(915, 'MINNESOTA TRADING & MARKETING CORPORATION', 'MINNESOTA TRADING & MARKETING CORPORATION', '505-507 HARBER BLDG. BONI AVE. MANDALUYONG', '', 'N/A'),
(916, 'PHILIPPINE FILM STUDIOS INC.', 'PHILIPPINE FILM STUDIOS INC.', 'BGC TAGUIG CITY', '', 'N/A'),
(917, 'GEORGE EBE', 'GEORGE EBE', '', '', 'N/A'),
(918, 'L VICTOR SASH WORK', 'L VICTOR SASH WORK', '', '', 'N/A'),
(919, 'ACE CORDERO', 'ACE CORDERO', '', '', 'N/A'),
(920, 'DON CELLANO', 'DON CELLANO', '', '', 'N/A'),
(921, 'GAUDENCIO DONCERAS LACBAYO', 'GAUDENCIO DONCERAS LACBAYO', '', '', 'N/A'),
(922, 'BOSS DEZIGN CREATION', 'BOSS DEZIGN CREATION', '', '', 'N/A'),
(923, 'MC6 GLASS & ALUMINUM', 'MC6 GLASS & ALUMINUM', '', '', 'N/A'),
(924, 'K FURNIPURE MARKETING', 'K FURNIPURE MARKETING', 'TANAWAN TANZA CAVITE', '', 'N/A'),
(925, 'VIRGIE JOCSON', 'VIRGIE JOCSON', 'AVOCADO ST. CENTENNIAL II PINAGBUHATAN PASIG CITY', '', 'N/A'),
(926, 'Sk8e24ol8hxz37y8mf_ip2np6u3f', 'Sk8e24ol8hxz37y8mf_ip2np6u3f', '', '', 'N/A'),
(927, 'JOYCELMDCZ12', 'JOYCELMDCZ12', '', '', 'N/A'),
(928, 'VANERRON', 'VANERRON', '', '', 'N/A'),
(929, 'SPIKE07WORKS', 'SPIKE07WORKS', '', '', 'N/A'),
(930, 'VINCE00005', 'VINCE00005', '', '', 'N/A'),
(931, 'KIARAKYNA', 'KIARAKYNA', '', '', 'N/A'),
(932, 'MIGUELPAGDONSOLAN', 'MIGUELPAGDONSOLAN', '', '', 'N/A'),
(933, 'PAUL.AND', 'PAUL.AND', '', '', 'N/A'),
(934, 'RAYMONDQUAN', 'RAYMONDQUAN', '', '', 'N/A'),
(935, 'KARLBENBENTLEY', 'KARLBENBENTLEY', '', '', 'N/A'),
(936, 'DBSEVEN495', 'DBSEVEN495', '', '', 'N/A'),
(937, 'NHEENIA', 'NHEENIA', '', '', 'N/A'),
(938, 'KINYKAYNAMANOK', 'KINYKAYNAMANOK', '', '', 'N/A'),
(939, 'JONALYNAMILHAMJA', 'JONALYNAMILHAMJA', '', '', 'N/A'),
(940, 'BACKSPAVE26', 'BACKSPAVE26', '', '', 'N/A'),
(941, 'MYLES_UY', 'MYLES_UY', '', '', 'N/A'),
(942, 'JR.RECANA.JR', 'JR.RECANA.JR', '', '', 'N/A'),
(943, 'JANETH231009', 'JANETH231009', '', '', 'N/A'),
(944, 'QUATROCANTOS', 'QUATROCANTOS', '', '', 'N/A'),
(945, 'SEAGLE GRAFIX', 'SEAGLE GRAFIX', '', '', 'N/A'),
(946, 'LEBIRAM SADROD', 'LEBIRAM SADROD', '', '', 'N/A'),
(947, 'JANON BORAS', 'JANON BORAS', '', '', 'N/A'),
(948, 'DCM GLOBAL', 'DCM GLOBAL', '', '', 'N/A'),
(949, 'BRIAN SILAO', 'BRIAN SILAO', '', '', 'N/A'),
(950, 'BERND SCHMID', 'BERND SCHMID', '', '', 'N/A'),
(951, 'ERJAY MOLINA', 'ERJAY MOLINA', '', '', 'N/A'),
(952, 'NEIL KO', 'NEIL KO', '', '', 'N/A'),
(953, 'W VALENZIA', 'W VALENZIA', '', '', 'N/A'),
(954, 'KRIS RUBIO', 'KRIS RUBIO', '', '', 'N/A'),
(955, 'VICTOR LABRADOR', 'VICTOR LABRADOR', '', '', 'N/A'),
(956, 'FOREAS ENTERPRISES', 'FOREAS ENTERPRISES', '', '', 'N/A'),
(957, 'GIL SULLANO JR.', 'GIL SULLANO JR.', '', '', 'N/A'),
(958, 'DMC OUTDOOR ADV-INC', 'DMC OUTDOOR ADV-INC', '', '', 'N/A'),
(959, 'CATHERINE CHING', 'CATHERINE CHING', '', '', 'N/A'),
(960, 'SUPERNOVA GENERAL MERCHANDISE INC', 'SUPERNOVA GENERAL MERCHANDISE INC', '', '', 'N/A'),
(961, 'TIMOTHY LAWS', 'TIMOTHY LAWS', '', '', 'N/A'),
(962, 'CHRIS RAMIREZ', 'CHRIS RAMIREZ', '', '', 'N/A'),
(964, 'DVA ABAJAPOAKO', 'DVA ABAJAPOAKO', '', '', 'N/A'),
(965, 'ROMMEL PABULAR', 'ROMMEL PABULAR', '', '', 'N/A'),
(966, 'IGNACIO GARCIA', 'IGNACIO GARCIA', '', '', 'N/A'),
(967, 'JOSE DELGADO', 'JOSE DELGADO', '', '', 'N/A'),
(968, 'ERL UY LEE', 'ERL UY LEE', '', '', 'N/A'),
(969, 'PING TABAFA', 'PING TABAFA', '', '', 'N/A'),
(970, 'BENIZON CONSTRUCTION', 'BENIZON CONSTRUCTION', '', '', 'N/A'),
(971, 'NAPOLEON AVORQUE', 'NAPOLEON AVORQUE', '', '', 'N/A'),
(972, 'MARLON PE?A', 'MARLON PE?A', '', '', 'N/A'),
(973, 'JR TARIPE', 'JR TARIPE', '', '', 'N/A'),
(974, 'HONEYCOMB BUILDERS INC', 'HONEYCOMB BUILDERS INC', 'GUEVENT BLDG 52 D. GUEVARA ST. BRGY. MAUWAY MANDAL', '', 'N/A'),
(975, 'JONATHAN LIM', 'JONATHAN LIM', '94 MATIMTIM ST. BRGY. SIKATUNA VILLAGE QUEZON CITY', '', 'N/A'),
(976, 'CHRISTOPHER URQUICO', 'CHRISTOPHER URQUICO', '', '', 'N/A'),
(977, 'YILZ ZURC', 'YILZ ZURC', '', '', 'N/A'),
(978, 'SANDY CHRIS TAN', 'SANDY CHRIS TAN', '', '', 'N/A'),
(979, 'MIKHAEL MACALINAO', 'MIKHAEL MACALINAO', '', '', 'N/A'),
(980, 'KENNETH ORNOS', 'KENNETH ORNOS', '', '', 'N/A'),
(981, 'ROD BALANA', 'ROD BALANA', '', '', 'N/A'),
(982, 'ELEAZAR ABLANG', 'ELEAZAR ABLANG', '', '', 'N/A'),
(983, 'JASON', 'JASON', '', '', 'N/A'),
(984, 'NOEMI PANGILINAN', 'NOEMI PANGILINAN', '', '', 'N/A'),
(985, 'DOMINADOR SAN ANDRES', 'DOMINADOR SAN ANDRES', '', '', 'N/A'),
(986, 'EDWIN LEONEN', 'EDWIN LEONEN', '', '', 'N/A'),
(987, 'ELADIO SAPUTIL', 'ELADIO SAPUTIL', '', '', 'N/A'),
(988, 'RICK ABORDO', 'RICK ABORDO', '', '', 'N/A'),
(989, 'TARA TANJUTCO', 'TARA TANJUTCO', '', '', 'N/A'),
(990, 'GOLDENWELL PUREGOLD', 'GOLDENWELL PUREGOLD', '', '', 'N/A'),
(991, 'MERYL BATARA', 'MERYL BATARA', '', '', 'N/A'),
(992, 'LINUS MODEQUILLO', 'LINUS MODEQUILLO', '', '', 'N/A'),
(993, 'EDWARD DALISAY', 'EDWARD DALISAY', '', '', 'N/A'),
(994, 'HARISON NG', 'HARISON NG', '', '', 'N/A'),
(995, 'ALBERT GARCIA', 'ALBERT GARCIA', '', '', 'N/A'),
(996, 'JOHN VINCE PAPA', 'JOHN VINCE PAPA', '', '', 'N/A'),
(997, 'JEROME PAUL CANONOY', 'JEROME PAUL CANONOY', '', '', 'N/A'),
(998, 'CAV DASMA', 'CAV DASMA', '', '', 'N/A'),
(999, 'FRANK ASIA', 'FRANK ASIA', '', '', 'N/A'),
(1000, 'DON DARANCIANG', 'DON DARANCIANG', '', '', 'N/A'),
(1001, 'WILLY GUEVARA', 'WILLY GUEVARA', '', '', 'N/A'),
(1002, 'KATCHIE PESEBRE', 'KATCHIE PESEBRE', '', '', 'N/A'),
(1003, 'SEAN CORWIN', 'SEAN CORWIN', '', '', 'N/A'),
(1004, 'JAD SINGH', 'JAD SINGH', '', '', 'N/A'),
(1005, 'JULIUS AVILES', 'JULIUS AVILES', '', '', 'N/A'),
(1006, 'ALVEA PH', 'ALVEA PH', '', '', 'N/A'),
(1007, 'FREDERICK PLOTODO', 'FREDERICK PLOTODO', '', '', 'N/A'),
(1008, 'AR MANALO', 'AR MANALO', '', '', 'N/A'),
(1009, 'MILES OSOLIO', 'MILES OSOLIO', '', '', 'N/A'),
(1010, 'LISP3 TSUCHIYA KOGYO PHIL', 'LISP3 TSUCHIYA KOGYO PHIL', '', '', 'N/A'),
(1011, 'AJHAYMARTIN04', 'AJHAYMARTIN04', '', '', 'N/A'),
(1012, 'DA7C_K678', 'DA7C_K678', '', '', 'N/A'),
(1013, 'HELENGRACE196612', 'HELENGRACE196612', '', '', 'N/A'),
(1014, 'LEMRIEL', 'LEMRIEL', '', '', 'N/A'),
(1015, 'JOMMARLEGASPI', 'JOMMARLEGASPI', '', '', 'N/A'),
(1016, 'JOHNEUHANN2', 'JOHNEUHANN2', '', '', 'N/A'),
(1017, 'RJCLOTHING', 'RJCLOTHING', '', '', 'N/A'),
(1018, 'OVERTHETOPPH', 'OVERTHETOPPH', '', '', 'N/A'),
(1019, 'OWCAYE', 'OWCAYE', '', '', 'N/A'),
(1020, 'SIMBLANTEJESSCA', 'SIMBLANTEJESSCA', '', '', 'N/A'),
(1021, 'DEE_POSADAS', 'DEE_POSADAS', '', '', 'N/A'),
(1022, 'DAHLIA1227', 'DAHLIA1227', '', '', 'N/A'),
(1023, 'JILBSCRUISE', 'JILBSCRUISE', '', '', 'N/A'),
(1024, '2018_HAPPY', '2018_HAPPY', '', '', 'N/A'),
(1025, 'SALMORINJMC', 'SALMORINJMC', '', '', 'N/A'),
(1026, 'GAYLESTRANGE', 'GAYLESTRANGE', '', '', 'N/A'),
(1027, 'JBEE83', 'JBEE83', '', '', 'N/A'),
(1028, 'EVAHMOUSE', 'EVAHMOUSE', '', '', 'N/A'),
(1029, 'LEWEE17', 'LEWEE17', '', '', 'N/A'),
(1030, 'JILLIANCSTR', 'JILLIANCSTR', '', '', 'N/A'),
(1031, 'EROSCLOUD07', 'EROSCLOUD07', '', '', 'N/A'),
(1032, 'RIZZALOVERIANOAGALOOS', 'RIZZALOVERIANOAGALOOS', '', '', 'N/A'),
(1033, 'LOVELYANGELBATOL', 'LOVELYANGELBATOL', '', '', 'N/A'),
(1034, 'CHINKLED', 'CHINKLED', '', '', 'N/A'),
(1035, 'EARTHINGEXOTICS', 'EARTHINGEXOTICS', '', '', 'N/A'),
(1036, 'ENANMAGARAO05', 'ENANMAGARAO05', '', '', 'N/A'),
(1037, 'ALLAINETABOADAHASAN', 'ALLAINETABOADAHASAN', '', '', 'N/A'),
(1038, 'GUIDED CONSTRUCTION & TRADING INC.', 'GUIDED CONSTRUCTION & TRADING INC.', '', '', 'N/A'),
(1039, 'NEO GATALAN', 'NEO GATALAN', '', '', 'N/A'),
(1040, 'ANGELICA PAJE', 'ANGELICA PAJE', '', '', 'N/A'),
(1041, 'STANBAKE MARKETING CORPORATION', 'STANBAKE MARKETING CORPORATION', '', '', 'N/A'),
(1042, 'JAY-ANNE PLASTIC SIGN SERVICES', 'JAY-ANNE PLASTIC SIGN SERVICES', '79 C. RAYMUNDO ST. PASIG CITY', '', 'N/A'),
(1043, 'AARNE DIMANLIG', 'AARNE DIMANLIG', '', '', 'N/A'),
(1044, 'DMC DIGITAL LINK CO. LTD.', 'DMC DIGITAL LINK CO. LTD.', '90 COL BRAVO ST., CENTRAL SIGNAL VILLAGE TAGUIG CI', '', 'N/A'),
(1045, 'MARK HENRY PASCUAL', 'MARK HENRY PASCUAL', '', '', 'N/A'),
(1046, 'RONALD DEL VALLE', 'RONALD DEL VALLE', '', '', 'N/A'),
(1047, 'ENGR. GERALD UNARCE', 'ENGR. GERALD UNARCE', '', '', 'N/A'),
(1048, 'JUVY MU?OZ', 'JUVY MU?OZ', '', '', 'N/A'),
(1049, 'CHRISTOPHER GENOVA', 'CHRISTOPHER GENOVA', '', '', 'N/A'),
(1050, 'BENOX REYES', 'BENOX REYES', '', '', 'N/A'),
(1051, 'RIVA QUIZON', 'RIVA QUIZON', '', '', 'N/A'),
(1052, 'ADOVE MERCHANDISE', 'ADOVE MERCHANDISE', '', '', 'N/A'),
(1053, 'WINNIEBALDONADO', 'WINNIEBALDONADO', '', '', 'N/A'),
(1054, 'GENSONJJ', 'GENSONJJ', '', '', 'N/A'),
(1055, 'KHIMISM', 'KHIMISM', '', '', 'N/A'),
(1056, 'ANGELOQ15', 'ANGELOQ15', '', '', 'N/A'),
(1057, 'MIKEMJENSOMO', 'MIKEMJENSOMO', '', '', 'N/A'),
(1058, 'KYLEDGREAT88', 'KYLEDGREAT88', '', '', 'N/A'),
(1059, 'JHUNBUELA', 'JHUNBUELA', '', '', 'N/A'),
(1060, 'MIKERUTHSETH_0508', 'MIKERUTHSETH_0508', '', '', 'N/A'),
(1061, 'JSBARCELONA', 'JSBARCELONA', '', '', 'N/A'),
(1062, 'ESTELLACLARISSE', 'ESTELLACLARISSE', '', '', 'N/A'),
(1063, 'SINCE092017', 'SINCE092017', '', '', 'N/A'),
(1064, 'BETTER_DAYS', 'BETTER_DAYS', '', '', 'N/A'),
(1065, 'MARIECORCARIZ', 'MARIECORCARIZ', '', '', 'N/A'),
(1066, 'JTHIRTY', 'JTHIRTY', '', '', 'N/A'),
(1067, 'MIRUEVENNICE', 'MIRUEVENNICE', '', '', 'N/A'),
(1068, 'AMIR_CARLYLE', 'AMIR_CARLYLE', '', '', 'N/A'),
(1069, 'MARLONAYUSTE', 'MARLONAYUSTE', '', '', 'N/A'),
(1070, 'HOMECRANG', 'HOMECRANG', '', '', 'N/A'),
(1071, 'VIOLY02_13CASTILLO', 'VIOLY02_13CASTILLO', '', '', 'N/A'),
(1072, 'KYLALOPEZ_12', 'KYLALOPEZ_12', '', '', 'N/A'),
(1073, 'MAGMAG412', 'MAGMAG412', '', '', 'N/A'),
(1074, 'CZAIRJOY', 'CZAIRJOY', '', '', 'N/A'),
(1075, 'MAE11142007', 'MAE11142007', '', '', 'N/A'),
(1076, 'MSHEAN', 'MSHEAN', '', '', 'N/A'),
(1077, 'ARLENELLANOS', 'ARLENELLANOS', '', '', 'N/A'),
(1078, 'ANTHROPHOS', 'ANTHROPHOS', '', '', 'N/A'),
(1079, 'RETROBOND', 'RETROBOND', '', '', 'N/A'),
(1080, 'FUVEA', 'FUVEA', '', '', 'N/A'),
(1081, 'LEAMANDAC', 'LEAMANDAC', '', '', 'N/A'),
(1082, 'KARLO0121883', 'KARLO0121883', '', '', 'N/A'),
(1083, 'ANGELACONSUELO', 'ANGELACONSUELO', '', '', 'N/A'),
(1084, 'TWO LAFAYETTE SQUARE CONDOMINIUM', 'TWO LAFAYETTE SQUARE CONDOMINIUM', '', '', 'N/A'),
(1085, 'CRIS SANTANDER', 'CRIS SANTANDER', '', '', 'N/A'),
(1086, 'ABC COMMODITIES CORP', 'ABC COMMODITIES CORP', '', '', 'N/A'),
(1087, 'FELIX  LUCIDA', 'FELIX  LUCIDA', '', '', 'N/A'),
(1088, 'JUNREY ROMA', 'JUNREY ROMA', '', '', 'N/A'),
(1089, 'TOM GALICIA', 'TOM GALICIA', '', '', 'N/A'),
(1090, 'CHRIS TABAO', 'CHRIS TABAO', '', '', 'N/A'),
(1091, 'B&G GRAPHICS SOLUTION CO.', 'B&G GRAPHICS SOLUTION CO.', '', '', 'N/A'),
(1092, 'CAROLINA BAUTISTA', 'CAROLINA BAUTISTA', '', '', 'N/A'),
(1093, 'RONIE FRIAS', 'RONIE FRIAS', '', '', 'N/A'),
(1094, 'ADMIRAL CREDIT INVESTIGATION AND DEPT OF RECOVERY', 'ADMIRAL CREDIT INVESTIGATION AND DEPT OF RECOVERY', '', '', 'N/A'),
(1095, 'ALBERT EGLIP', 'ALBERT EGLIP', '', '', 'N/A'),
(1096, 'RICARDO RAMOS', 'RICARDO RAMOS', '', '', 'N/A'),
(1097, 'YONGBUNTIN ENTERPRISE', 'YONGBUNTIN ENTERPRISE', 'UNIT 4 NO. 161 TOLENTINO ST. ROOSEVELT Q.C', '', 'N/A'),
(1098, 'DE LUMEN PRESS', 'DE LUMEN PRESS', '', '', 'N/A'),
(1099, 'ARCKEENYANAGI', 'ARCKEENYANAGI', '', '', 'N/A'),
(1100, 'REYLYNGALINGAN', 'REYLYNGALINGAN', '', '', 'N/A'),
(1101, 'SEAN MPZ', 'SEAN MPZ', '', '', 'N/A'),
(1102, 'Y5IM3E26B5', 'Y5IM3E26B5', '', '', 'N/A'),
(1104, 'ICEMUHLACH', 'ICEMUHLACH', '', '', 'N/A'),
(1105, 'RUTHDEMAALA', 'RUTHDEMAALA', '', '', 'N/A'),
(1106, 'ANNIEB2019', 'ANNIEB2019', '', '', 'N/A'),
(1107, 'PATINO56831', 'PATINO56831', '', '', 'N/A'),
(1108, 'ROSY808', 'ROSY808', '', '', 'N/A'),
(1109, 'WARRENTOMIAS', 'WARRENTOMIAS', '', '', 'N/A'),
(1110, 'KIMHOMER1806', 'KIMHOMER1806', '', '', 'N/A'),
(1111, 'MAKOYAJ', 'MAKOYAJ', '', '', 'N/A'),
(1112, 'W2H8A50XVG', 'W2H8A50XVG', '', '', 'N/A'),
(1113, 'GORG_SY', 'GORG_SY', '', '', 'N/A'),
(1114, 'AEL00724', 'AEL00724', '', '', 'N/A'),
(1115, 'GRANALVAND.ENCINARES', 'GRANALVAND.ENCINARES', '', '', 'N/A'),
(1116, 'ACADEMICFREEZE123', 'ACADEMICFREEZE123', '', '', 'N/A'),
(1117, 'SAKINTOH', 'SAKINTOH', '', '', 'N/A'),
(1118, 'DHIRTDARING', 'DHIRTDARING', '', '', 'N/A'),
(1119, 'RADORME23', 'RADORME23', '', '', 'N/A'),
(1120, 'CHERRYBELLEMERES', 'CHERRYBELLEMERES', '', '', 'N/A'),
(1121, 'IAMESANG18', 'IAMESANG18', '', '', 'N/A'),
(1122, 'JEANCARLODC', 'JEANCARLODC', '', '', 'N/A'),
(1123, 'SMS_MNL', 'SMS_MNL', '', '', 'N/A'),
(1124, 'XTINAMONTELIBANO', 'XTINAMONTELIBANO', '', '', 'N/A'),
(1125, 'ALCHY.SOLUTIONS', 'ALCHY.SOLUTIONS', '', '', 'N/A'),
(1126, 'ROBOTHOUSE', 'ROBOTHOUSE', '', '', 'N/A'),
(1127, 'KAETAR913', 'KAETAR913', '', '', 'N/A'),
(1128, 'JERSON.10.1988', 'JERSON.10.1988', '', '', 'N/A'),
(1129, 'JCH37', 'JCH37', '', '', 'N/A'),
(1130, 'ARYHAN1021', 'ARYHAN1021', '', '', 'N/A'),
(1131, 'ARVIE.N', 'ARVIE.N', '', '', 'N/A'),
(1132, 'DREIRIVERA008', 'DREIRIVERA008', '', '', 'N/A'),
(1133, 'APRILCADAYONG', 'APRILCADAYONG', '', '', 'N/A'),
(1134, 'JOHNVINCENTSOBADOLES', 'JOHNVINCENTSOBADOLES', '', '', 'N/A'),
(1135, 'PAOLOBRINGAS', 'PAOLOBRINGAS', '', '', 'N/A'),
(1136, 'JOHNCROMWELLDASALLAGUI', 'JOHNCROMWELLDASALLAGUI', '', '', 'N/A'),
(1137, 'LEMUELMANCERA', 'LEMUELMANCERA', '', '', 'N/A'),
(1138, 'MIKEEGALGODEGUZMAN', 'MIKEEGALGODEGUZMAN', '', '', 'N/A'),
(1139, 'DOTHYCOSMO', 'DOTHYCOSMO', '', '', 'N/A'),
(1140, 'YOUDONOTEE', 'YOUDONOTEE', '', '', 'N/A'),
(1141, 'ANGELOINSULIA', 'ANGELOINSULIA', '', '', 'N/A'),
(1142, 'BELLETACORDS', 'BELLETACORDS', '', '', 'N/A'),
(1143, 'SAMLAMINERO', 'SAMLAMINERO', '', '', 'N/A'),
(1144, 'JASPERHARRY', 'JASPERHARRY', '', '', 'N/A'),
(1145, 'JHONRHEY16', 'JHONRHEY16', '', '', 'N/A'),
(1146, 'ACISSEJOTISOS', 'ACISSEJOTISOS', '', '', 'N/A'),
(1147, 'NELIZACASILLANO', 'NELIZACASILLANO', '', '', 'N/A'),
(1148, 'RICKDANIELTALA', 'RICKDANIELTALA', '', '', 'N/A'),
(1149, 'LUCEROJUAN08', 'LUCEROJUAN08', '', '', 'N/A'),
(1150, 'ASTRUDIS', 'ASTRUDIS', '', '', 'N/A'),
(1151, 'REGINALD.C', 'REGINALD.C', '', '', 'N/A'),
(1152, 'MEGAJOYESTRADA', 'MEGAJOYESTRADA', '', '', 'N/A'),
(1153, 'MARYGRACEBLOPEZARYGRACEBLOPEZ', 'MARYGRACEBLOPEZARYGRACEBLOPEZ', '', '', 'N/A'),
(1154, 'CURVES.STYLE.BOUTIQUE', 'CURVES.STYLE.BOUTIQUE', '', '', 'N/A'),
(1155, 'MIH2VD7E5H2POJGZVNWF21MPE1K', 'MIH2VD7E5H2POJGZVNWF21MPE1K', '', '', 'N/A'),
(1156, 'RONANDUMAGUIT', 'RONANDUMAGUIT', '', '', 'N/A'),
(1157, 'LCS MARKETING', 'LCS MARKETING', '', '', 'N/A'),
(1158, 'JEHAN DOMINGO DAYRIT', 'JEHAN DOMINGO DAYRIT', '', '', 'N/A'),
(1159, 'BLMJB CONSTRUCTION AND SUPPLY', 'BLMJB CONSTRUCTION AND SUPPLY', '', '', 'N/A'),
(1160, 'EMBAE.EMBAE', 'EMBAE.EMBAE', '', '', 'N/A'),
(1161, 'VNXNCRPASP', 'VNXNCRPASP', '', '', 'N/A'),
(1162, 'JUNTECPURCHASING', 'JUNTECPURCHASING', '', '', 'N/A'),
(1163, 'FABRICATEDSOLUTIONSPH', 'FABRICATEDSOLUTIONSPH', '', '', 'N/A'),
(1164, 'GILNIET', 'GILNIET', '', '', 'N/A'),
(1165, 'BONGZSKIE', 'BONGZSKIE', '', '', 'N/A'),
(1166, 'CHRISTOPHERGO', 'CHRISTOPHERGO', '', '', 'N/A'),
(1167, 'NYRIE', 'NYRIE', '', '', 'N/A'),
(1168, 'MAEBELEINE', 'MAEBELEINE', '', '', 'N/A'),
(1169, 'VIR.G', 'VIR.G', '', '', 'N/A'),
(1170, 'LAHAINA04', 'LAHAINA04', '', '', 'N/A'),
(1171, 'JMSSALIENTE', 'JMSSALIENTE', '', '', 'N/A'),
(1172, 'JANVENTURER', 'JANVENTURER', '', '', 'N/A'),
(1173, 'DONASD', 'DONASD', '', '', 'N/A'),
(1174, 'AINA.PABILONA', 'AINA.PABILONA', '', '', 'N/A'),
(1175, 'JOHNREY080819M', 'JOHNREY080819M', '', '', 'N/A'),
(1176, 'MARINELZARCO', 'MARINELZARCO', '', '', 'N/A'),
(1177, 'ROBERTOOYOUUNGJR', 'ROBERTOOYOUUNGJR', '', '', 'N/A'),
(1178, 'AJONG30', 'AJONG30', '', '', 'N/A'),
(1179, 'JOHNDAVID_023', 'JOHNDAVID_023', '', '', 'N/A'),
(1180, 'MAKOYVILI', 'MAKOYVILI', '', '', 'N/A'),
(1181, 'JOSAWEARPH', 'JOSAWEARPH', '', '', 'N/A'),
(1182, 'INGENTEELCEL', 'INGENTEELCEL', '', '', 'N/A'),
(1183, 'ALANMALUNES', 'ALANMALUNES', '', '', 'N/A'),
(1184, 'KESYA500', 'KESYA500', '', '', 'N/A'),
(1185, 'SARAHJHANESCATOTOROBLES', 'SARAHJHANESCATOTOROBLES', '', '', 'N/A'),
(1186, 'MARKMARC', 'MARKMARC', '', '', 'N/A'),
(1187, 'MISTERKINGS53', 'MISTERKINGS53', '', '', 'N/A'),
(1188, 'DANNYIGNACIO', 'DANNYIGNACIO', '', '', 'N/A'),
(1189, 'RY_TADEO', 'RY_TADEO', '', '', 'N/A'),
(1190, 'MIZRYUKI1678', 'MIZRYUKI1678', '', '', 'N/A'),
(1191, 'RENTOYJEM', 'RENTOYJEM', '', '', 'N/A'),
(1192, 'FRANCORREAJOMAR', 'FRANCORREAJOMAR', '', '', 'N/A'),
(1193, 'MHAYBEAUTYPRODUCT', 'MHAYBEAUTYPRODUCT', '', '', 'N/A'),
(1194, '2S_H2IW5T2', '2S_H2IW5T2', '', '', 'N/A'),
(1195, 'YOUDONOTEE', 'YOUDONOTEE', '', '', 'N/A'),
(1196, 'ELI.Q', 'ELI.Q', '', '', 'N/A'),
(1197, 'GRIMOON', 'GRIMOON', '', '', 'N/A'),
(1198, 'SGSY12', 'SGSY12', '', '', 'N/A'),
(1199, 'JOMARGUMAMA23', 'JOMARGUMAMA23', '', '', 'N/A'),
(1200, 'ERLENE1882', 'ERLENE1882', '', '', 'N/A'),
(1201, 'SUPERGREDS', 'SUPERGREDS', '', '', 'N/A'),
(1202, 'JAMSWINTON', 'JAMSWINTON', '', '', 'N/A'),
(1203, 'FY70MXEC2', 'FY70MXEC2', '', '', 'N/A'),
(1204, 'NERRY24', 'NERRY24', '', '', 'N/A'),
(1205, 'MAXINEJ', 'MAXINEJ', '', '', 'N/A'),
(1206, 'MAE690', 'MAE690', '', '', 'N/A'),
(1207, 'JEMMIE_PURPLE', 'JEMMIE_PURPLE', '', '', 'N/A'),
(1208, 'AIREMARCATENDIDO', 'AIREMARCATENDIDO', '', '', 'N/A'),
(1209, 'JANVIENNICE', 'JANVIENNICE', '', '', 'N/A'),
(1210, 'IAMWHOLENESS', 'IAMWHOLENESS', '', '', 'N/A'),
(1211, 'JENESTEBES11', 'JENESTEBES11', '', '', 'N/A'),
(1212, 'JAMES. ALCANTARA', 'JAMES. ALCANTARA', '', '', 'N/A'),
(1213, 'LESUREC', 'LESUREC', '', '', 'N/A'),
(1214, 'SSSSONNNN', 'SSSSONNNN', '', '', 'N/A'),
(1215, 'JANE_ANIAG', 'JANE_ANIAG', '', '', 'N/A'),
(1216, 'MONGGIT', 'MONGGIT', '', '', 'N/A'),
(1217, 'JSNPTRGNZLS', 'JSNPTRGNZLS', '', '', 'N/A'),
(1218, 'GWENDONREYES', 'GWENDONREYES', '', '', 'N/A'),
(1219, 'LILACARTISANS', 'LILACARTISANS', '', '', 'N/A'),
(1220, 'ROSELLECJAVIER', 'ROSELLECJAVIER', '', '', 'N/A'),
(1221, 'CJ4 MODULAR CONCEPT', 'CJ4 MODULAR CONCEPT', '', '', 'N/A'),
(1222, 'PRIMARY COLOR', 'PRIMARY COLOR', '', '', 'N/A'),
(1223, 'ALMEDAH MEGAFOOD MACHINERIES', 'ALMEDAH MEGAFOOD MACHINERIES', '', '', 'N/A'),
(1224, 'MCM GRAPHICS', 'MCM GRAPHICS', '', '', 'N/A'),
(1225, 'LEMAURE ENTERPRISE', 'LEMAURE ENTERPRISE', '', '', 'N/A'),
(1226, 'RICO PREDAS', 'RICO PREDAS', '', '', 'N/A'),
(1227, 'L.E.L STEEL FABRICATION', 'L.E.L STEEL FABRICATION', '', '', 'N/A'),
(1228, 'SHINE BAUTISTA', 'SHINE BAUTISTA', '', '', 'N/A'),
(1229, 'AUGUSTO PACULAN', 'AUGUSTO PACULAN', '', '', 'N/A'),
(1230, 'CHRISTIAN JIREH LAUREANO', 'CHRISTIAN JIREH LAUREANO', '', '', 'N/A'),
(1231, 'RED APPLE ENTERTAINMENT PRODUCTION', 'RED APPLE ENTERTAINMENT PRODUCTION', '', '', 'N/A'),
(1232, 'PGM CONSTRUCTION & PLUMBING SERVICES', 'PGM CONSTRUCTION & PLUMBING SERVICES', '', '', 'N/A'),
(1233, 'ROBERT TEODOSIO', 'ROBERT TEODOSIO', '', '', 'N/A'),
(1234, 'RAFAEL PE?ERO', 'RAFAEL PE?ERO', '', '', 'N/A'),
(1235, 'GERALD ALIGADA', 'GERALD ALIGADA', '', '', 'N/A'),
(1236, 'ROOF AND WALL SAVER INC.', 'ROOF AND WALL SAVER INC.', '', '', 'N/A'),
(1237, 'EAST RAYA GARDENS', 'EAST RAYA GARDENS', '', '', 'N/A'),
(1238, 'ERWIN DELGADO', 'ERWIN DELGADO', '', '', 'N/A'),
(1239, 'ELPEDES MINIATURE MODEL MARKER', 'ELPEDES MINIATURE MODEL MARKER', '', '', 'N/A'),
(1240, 'DONDON ADAO', 'DONDON ADAO', '', '', 'N/A'),
(1241, 'TEDWOOD DELA ROSA3', 'TEDWOOD DELA ROSA3', '', '', 'N/A'),
(1242, 'EVANGELINE SIOSON', 'EVANGELINE SIOSON', '', '', 'N/A'),
(1243, 'RAYANN06', 'RAYANN06', '', '', 'N/A'),
(1244, 'POEM.SALVADOR', 'POEM.SALVADOR', '', '', 'N/A'),
(1245, 'RICA_LLABRES', 'RICA_LLABRES', '', '', 'N/A'),
(1246, 'YVESPAULO', 'YVESPAULO', '', '', 'N/A'),
(1247, 'MAYLANELCUARTTOY', 'MAYLANELCUARTTOY', '', '', 'N/A'),
(1248, 'BASTE09', 'BASTE09', '', '', 'N/A'),
(1249, 'JHARRISAB', 'JHARRISAB', '', '', 'N/A'),
(1250, '_FB11LIRXJ', '_FB11LIRXJ', '', '', 'N/A'),
(1251, 'EROLDMEND', 'EROLDMEND', '', '', 'N/A'),
(1252, 'JENNYVIE7', 'JENNYVIE7', '', '', 'N/A'),
(1253, 'AMCBUYER2020', 'AMCBUYER2020', '', '', 'N/A'),
(1254, 'JOLEALD', 'JOLEALD', '', '', 'N/A'),
(1255, 'LWDH5YFRSD', 'LWDH5YFRSD', '', '', 'N/A'),
(1256, 'NG95DPNKEP', 'NG95DPNKEP', '', '', 'N/A'),
(1257, 'MENARDBALTAZAR', 'MENARDBALTAZAR', '', '', 'N/A'),
(1258, 'THOTHEPH', 'THOTHEPH', '', '', 'N/A'),
(1259, 'MARCOGASCON08', 'MARCOGASCON08', '', '', 'N/A'),
(1260, 'GRABANDPLANT', 'GRABANDPLANT', '', '', 'N/A'),
(1261, 'DRICKBUENO', 'DRICKBUENO', '', '', 'N/A'),
(1262, 'FRANCISBORLAS', 'FRANCISBORLAS', '', '', 'N/A'),
(1263, 'JKURTTALLITRAC', 'JKURTTALLITRAC', '', '', 'N/A'),
(1264, 'ALYANNA0204', 'ALYANNA0204', '', '', 'N/A'),
(1265, 'FUJICO07', 'FUJICO07', '', '', 'N/A'),
(1266, 'RHANJEE', 'RHANJEE', '', '', 'N/A'),
(1267, 'GELOSATOZAKI21', 'GELOSATOZAKI21', '', '', 'N/A'),
(1268, 'LIAPHANT', 'LIAPHANT', '', '', 'N/A'),
(1269, 'ANMANDAP', 'ANMANDAP', '', '', 'N/A'),
(1270, 'CHARLOTTECARPENADELEON', 'CHARLOTTECARPENADELEON', '', '', 'N/A'),
(1271, 'FIONAGOMESB', 'FIONAGOMESB', '', '', 'N/A'),
(1272, 'LIKHAAMPI2020', 'LIKHAAMPI2020', '', '', 'N/A'),
(1273, 'DERWINP', 'DERWINP', '', '', 'N/A'),
(1274, 'LUIGI 30', 'LUIGI 30', '', '', 'N/A'),
(1275, 'DICXONPALANGUE', 'DICXONPALANGUE', '', '', 'N/A'),
(1276, 'DEANDEAN26', 'DEANDEAN26', '', '', 'N/A'),
(1277, 'ALVINGALLON', 'ALVINGALLON', '', '', 'N/A'),
(1278, 'PATABLAO', 'PATABLAO', '', '', 'N/A'),
(1279, 'MAGGIESHAPPYCORNER', 'MAGGIESHAPPYCORNER', '', '', 'N/A'),
(1280, 'AMYSAKALAM22', 'AMYSAKALAM22', '', '', 'N/A'),
(1281, 'DELROSARIOGG', 'DELROSARIOGG', '', '', 'N/A'),
(1282, 'DOCLEI09', 'DOCLEI09', '', '', 'N/A'),
(1283, 'AJATIBAGOS24', 'AJATIBAGOS24', '', '', 'N/A'),
(1284, 'BENGSCLOTHINGSHOP', 'BENGSCLOTHINGSHOP', '', '', 'N/A'),
(1285, 'HYPERLAINY', 'HYPERLAINY', '', '', 'N/A'),
(1286, 'CRYSTALMINE', 'CRYSTALMINE', '', '', 'N/A'),
(1287, 'DMPIANO0512', 'DMPIANO0512', '', '', 'N/A'),
(1288, 'CHIPS531', 'CHIPS531', '', '', 'N/A'),
(1289, 'JEILANIOMER', 'JEILANIOMER', '', '', 'N/A'),
(1290, 'JEILANIOMER', 'JEILANIOMER', '', '', 'N/A'),
(1291, 'YANG8151974', 'YANG8151974', '', '', 'N/A'),
(1292, 'FLORMSISON', 'FLORMSISON', '', '', 'N/A'),
(1293, 'GELKIRINGKAY', 'GELKIRINGKAY', '', '', 'N/A'),
(1294, 'YVONNEVINCENT', 'YVONNEVINCENT', '', '', 'N/A'),
(1295, 'OWLOPSS', 'OWLOPSS', '', '', 'N/A'),
(1296, 'EVERYTHING_ON_A_BUDGET', 'EVERYTHING_ON_A_BUDGET', '', '', 'N/A'),
(1297, 'EKOSILVERIO', 'EKOSILVERIO', '', '', 'N/A'),
(1298, 'ALEXPEDRON', 'ALEXPEDRON', '', '', 'N/A'),
(1299, 'ROIBENEDICTVALLESTEROS', 'ROIBENEDICTVALLESTEROS', '', '', 'N/A'),
(1300, 'RENEORVINNUFABLE', 'RENEORVINNUFABLE', '', '', 'N/A'),
(1301, 'EDSSSACOSTA', 'EDSSSACOSTA', '', '', 'N/A'),
(1302, 'MOM2MATTHEW', 'MOM2MATTHEW', '', '', 'N/A'),
(1303, 'AILEENJOYONG', 'AILEENJOYONG', '', '', 'N/A'),
(1304, 'KARELGOZO', 'KARELGOZO', '', '', 'N/A'),
(1305, 'JRGARCIAJR', 'JRGARCIAJR', '', '', 'N/A'),
(1306, 'JEMYCHUA01', 'JEMYCHUA01', '', '', 'N/A'),
(1307, '7214I7X6UA', '7214I7X6UA', '', '', 'N/A'),
(1308, 'MJOSHUA0009', 'MJOSHUA0009', '', '', 'N/A'),
(1309, 'KAHZEESNOWIE', 'KAHZEESNOWIE', '', '', 'N/A'),
(1310, 'AUAUSAN10', 'AUAUSAN10', '', '', 'N/A'),
(1311, 'ERICKSON1078', 'ERICKSON1078', '', '', 'N/A'),
(1312, 'NURSEJAMES', 'NURSEJAMES', '', '', 'N/A'),
(1313, 'THEBRULLER', 'THEBRULLER', '', '', 'N/A'),
(1314, 'RMJGASMEN', 'RMJGASMEN', '', '', 'N/A'),
(1315, 'SEIJALILASHOPPE', 'SEIJALILASHOPPE', '', '', 'N/A'),
(1316, 'MIKKOHAKS', 'MIKKOHAKS', '', '', 'N/A'),
(1317, 'EMMICHARM', 'EMMICHARM', '', '', 'N/A'),
(1318, 'MCMABALAY21', 'MCMABALAY21', '', '', 'N/A'),
(1319, 'NICTAMPENGCO', 'NICTAMPENGCO', '', '', 'N/A'),
(1320, 'AVEGAILDULAYPAJANTOY', 'AVEGAILDULAYPAJANTOY', '', '', 'N/A'),
(1321, 'SIJIE14', 'SIJIE14', '', '', 'N/A'),
(1322, 'FRANSBELLE', 'FRANSBELLE', '', '', 'N/A'),
(1323, '141B9VW1_B', '141B9VW1_B', '', '', 'N/A'),
(1324, 'JHONROMA', 'JHONROMA', '', '', 'N/A'),
(1325, 'DANIEL0996704407', 'DANIEL0996704407', '', '', 'N/A'),
(1326, 'MCCOY0612', 'MCCOY0612', '', '', 'N/A'),
(1327, 'ERICLT44', 'ERICLT44', '', '', 'N/A'),
(1328, 'MONTY_NANNY', 'MONTY_NANNY', '', '', 'N/A'),
(1329, 'ISAACJULIUSJUSTO', 'ISAACJULIUSJUSTO', '', '', 'N/A'),
(1330, 'CHE14CHE', 'CHE14CHE', '', '', 'N/A'),
(1331, 'TNUMALI', 'TNUMALI', '', '', 'N/A'),
(1332, 'ABAYAJUSTINE12345', 'ABAYAJUSTINE12345', '', '', 'N/A'),
(1333, 'ZMZHWK6_D1', 'ZMZHWK6_D1', '', '', 'N/A'),
(1334, 'U0X875D1GP', 'U0X875D1GP', '', '', 'N/A'),
(1335, 'SOAPDUCHESS', 'SOAPDUCHESS', '', '', 'N/A'),
(1336, 'REMOH1814', 'REMOH1814', '', '', 'N/A'),
(1337, 'WISDOMOPAULMANALOTATOY', 'WISDOMOPAULMANALOTATOY', '', '', 'N/A'),
(1338, 'MAZEFERION', 'MAZEFERION', '', '', 'N/A'),
(1339, 'PONSCAP12', 'PONSCAP12', '', '', 'N/A'),
(1340, 'ERROL.VICENTE_11221990', 'ERROL.VICENTE_11221990', '', '', 'N/A'),
(1341, 'YOSHINKAN', 'YOSHINKAN', '', '', 'N/A'),
(1343, 'JC101276', 'JC101276', '', '', 'N/A'),
(1344, 'RENDIJOHNRJACTUB', 'RENDIJOHNRJACTUB', '', '', 'N/A'),
(1345, '20RAYMOND', '20RAYMOND', '', '', 'N/A'),
(1346, 'BEBESTORE_PH', 'BEBESTORE_PH', '', '', 'N/A'),
(1347, 'JULIADISCAYALIMJR.', 'JULIADISCAYALIMJR.', '', '', 'N/A'),
(1348, 'ABHE BASCO', 'ABHE BASCO', '', '', 'N/A'),
(1349, 'JERRY ASUNCION', 'JERRY ASUNCION', '', '', 'N/A'),
(1350, 'ROLE VELASCO', 'ROLE VELASCO', '', '', 'N/A'),
(1351, 'PEC CORPORATION', 'PEC CORPORATION', '', '', 'N/A'),
(1352, 'FARMACIA LIZA', 'FARMACIA LIZA', '', '', 'N/A'),
(1353, 'AVP INDUSTRIES INCORPORATED', 'AVP INDUSTRIES INCORPORATED', '', '', 'N/A'),
(1354, 'RAMON MENDOZA', 'RAMON MENDOZA', '', '', 'N/A'),
(1355, 'BARANGAY PINAGBUHATAN', 'BARANGAY PINAGBUHATAN', '', '', 'N/A'),
(1356, 'GLOBAL HORIZONS', 'GLOBAL HORIZONS', '', '', 'N/A'),
(1357, 'AD CENTRAL EVENTS INC.', 'AD CENTRAL EVENTS INC.', '', '', 'N/A'),
(1358, 'PRIMARK TOOLING INDUSTRIES', 'PRIMARK TOOLING INDUSTRIES', '', '', 'N/A'),
(1359, 'JOSE PILANDE', 'JOSE PILANDE', '', '', 'N/A'),
(1360, 'EDMAR MAHUSAY', 'EDMAR MAHUSAY', '', '', 'N/A'),
(1361, 'CALLHOUNDS', 'CALLHOUNDS', '', '', 'N/A'),
(1362, 'EDDY TAMAYO', 'EDDY TAMAYO', '', '', 'N/A'),
(1363, 'ALLAN SANTOS', 'ALLAN SANTOS', '', '', 'N/A'),
(1364, 'EAGLE RIDGE GOLF AND COUNTRY CLUB', 'EAGLE RIDGE GOLF AND COUNTRY CLUB', '', '', 'N/A'),
(1365, 'BENJI DE MESA', 'BENJI DE MESA', '', '', 'N/A'),
(1366, 'LONG ISLAND ENT', 'LONG ISLAND ENT', '', '', 'N/A'),
(1367, 'LRT DECOR PRODUCTS', 'LRT DECOR PRODUCTS', '', '', 'N/A'),
(1368, 'CHRISTIAN GUERRERO', 'CHRISTIAN GUERRERO', '', '', 'N/A'),
(1369, 'LEEKIE ENTERPRISES INC', 'LEEKIE ENTERPRISES INC', '8th Floor Techzone Bldg. 213 Sen Gil Puyat Ave. Ma', '', 'N/A'),
(1370, 'AP INT`L FREIGHT FORWARDING & CARGO HANDLING CORP', 'AP INT`L FREIGHT FORWARDING & CARGO HANDLING CORP', '', '', 'N/A'),
(1371, 'MARIA ZAIDA LOZANO', 'MARIA ZAIDA LOZANO', '', '', 'N/A'),
(1372, 'JOHN RYAN MARTIN', 'JOHN RYAN MARTIN', '', '', 'N/A'),
(1373, 'CAR CRYSTAL COATING DAIKO INC.', 'CAR CRYSTAL COATING DAIKO INC.', '', '', 'N/A'),
(1374, 'CERAMART KOREAN STORE', 'CERAMART KOREAN STORE', 'ARMAL PLAZA C. RAYMUNDOO MAYBUNGA', '', 'N/A'),
(1375, 'CASAS + ARCHITECTS, INC.', 'CASAS + ARCHITECTS, INC.', '8757 PASEO CENTER BLDG. MAKATI CITY', '', 'N/A'),
(1376, 'GREENSTONE PHARMACEUTICAL INC.', 'GREENSTONE PHARMACEUTICAL INC.', '', '', 'N/A'),
(1377, 'SOTERO ALEGRE', 'SOTERO ALEGRE', '', '', 'N/A'),
(1378, 'FERIACOM FOODS CORP', 'FERIACOM FOODS CORP', '', '', 'N/A'),
(1379, 'REX SAUL LUMANTAS', 'REX SAUL LUMANTAS', '', '', 'N/A'),
(1380, 'TOMM`S ENTERPRISE', 'TOMM`S ENTERPRISE', '', '', 'N/A'),
(1381, 'AMCA ENGINEERING SERVICES', 'AMCA ENGINEERING SERVICES', '', '', 'N/A'),
(1382, 'ANALIZA DE CASTRO', 'ANALIZA DE CASTRO', '', '', 'N/A'),
(1383, 'G.A TROPICAL FISH CENTER', 'G.A TROPICAL FISH CENTER', '', '', 'N/A'),
(1384, 'GARY DELMUNDO', 'GARY DELMUNDO', '', '', 'N/A'),
(1385, 'MELISA YAP', 'MELISA YAP', '', '', 'N/A'),
(1386, 'MARIFE ESPARAGOZA', 'MARIFE ESPARAGOZA', '', '', 'N/A'),
(1387, 'ENRICO P. CELLANO', 'ENRICO P. CELLANO', '', '', 'N/A'),
(1388, 'JOHNNY DIMLA', 'JOHNNY DIMLA', '', '', 'N/A'),
(1389, 'GLOBAL WOOD CORP.', 'GLOBAL WOOD CORP.', '', '', 'N/A'),
(1390, 'D.L.A.', 'D.L.A.', '', '', 'N/A'),
(1391, 'RENATO ALMOSARA', 'RENATO ALMOSARA', '', '', 'N/A'),
(1392, 'CHERRY', 'CHERRY', '', '', 'N/A'),
(1393, 'PRO ENVIROTEK INC', 'PRO ENVIROTEK INC', '', '', 'N/A'),
(1394, 'NEWONE FRANC', 'NEWONE FRANC', '', '', 'N/A'),
(1395, 'RITCHE L. GONZALES', 'RITCHE L. GONZALES', '', '', 'N/A'),
(1396, 'GLJM DIVERSIFIED SALES AND SERVICE CORP', 'GLJM DIVERSIFIED SALES AND SERVICE CORP', '', '', 'N/A'),
(1397, 'LTH FOOD INDUSTRIES INC.', 'LTH FOOD INDUSTRIES INC.', '', '', 'N/A'),
(1398, 'GARY SALES', 'GARY SALES', '', '', 'N/A'),
(1399, 'BENOK REYES', 'BENOK REYES', '', '', 'N/A'),
(1400, 'LOUIS CUETO', 'LOUIS CUETO', '', '', 'N/A'),
(1401, 'JOSEPH PAGADIAN', 'JOSEPH PAGADIAN', '', '', 'N/A'),
(1402, 'MACY ESPIRITU', 'MACY ESPIRITU', '', '', 'N/A'),
(1403, 'AJETS SIGN FABRICATION', 'AJETS SIGN FABRICATION', '', '', 'N/A'),
(1404, 'LANZ DE GUZMAN', 'LANZ DE GUZMAN', '', '', 'N/A'),
(1405, 'CESAR LAGMAN', 'CESAR LAGMAN', '', '', 'N/A'),
(1406, 'SKYMIX READY CONCRETE INC.', 'SKYMIX READY CONCRETE INC.', '', '', 'N/A'),
(1407, 'STAR KAP', 'STAR KAP', '', '', 'N/A'),
(1408, 'MASTERS TROPHY TRADING', 'MASTERS TROPHY TRADING', '', '', 'N/A'),
(1409, 'JOSELITO N. YAPE', 'JOSELITO N. YAPE', '', '', 'N/A'),
(1410, 'ROBERT LAWAS', 'ROBERT LAWAS', '', '', 'N/A'),
(1411, 'JESSA DIMAYA', 'JESSA DIMAYA', '', '', 'N/A'),
(1412, 'JIMMY ROSALES', 'JIMMY ROSALES', '', '', 'N/A'),
(1413, 'EDDIE TAMAYO', 'EDDIE TAMAYO', '', '', 'N/A'),
(1414, 'EUGENE MEDINA', 'EUGENE MEDINA', '', '', 'N/A'),
(1415, 'DOUBLEPLAY', 'DOUBLEPLAY', '', '', 'N/A'),
(1416, 'JASON BONDOC', 'JASON BONDOC', '', '', 'N/A'),
(1417, 'BAKERSON MARKETING CORP', 'BAKERSON MARKETING CORP', '', '', 'N/A'),
(1418, 'CENTERSTAGE TELEPROMPTER SYSTEM INC', 'CENTERSTAGE TELEPROMPTER SYSTEM INC', '', '', 'N/A'),
(1419, 'DORS ALUMINUM & GLASS', 'DORS ALUMINUM & GLASS', '', '', 'N/A'),
(1420, 'ECONAL CONSTRUCTION CORP', 'ECONAL CONSTRUCTION CORP', '', '', 'N/A'),
(1421, 'AMADO GALLARDO', 'AMADO GALLARDO', '', '', 'N/A'),
(1422, 'CIRCUIT SOLUTIONS', 'CIRCUIT SOLUTIONS', '', '', 'N/A'),
(1423, 'MICHAEL STEMATI', 'MICHAEL STEMATI', '', '', 'N/A'),
(1424, 'RAILIM ENGINEERING SUPPLY TRADING', 'RAILIM ENGINEERING SUPPLY TRADING', '', '', 'N/A'),
(1425, 'ASHIELA SINADAYEN', 'ASHIELA SINADAYEN', '', '', 'N/A'),
(1426, 'JOSELITO MORALES', 'JOSELITO MORALES', '', '', 'N/A'),
(1427, 'SIGNRAYS ADVERTISING INC', 'SIGNRAYS ADVERTISING INC', '', '', 'N/A'),
(1428, 'MM KITCHEN CABINETRY', 'MM KITCHEN CABINETRY', '', '', 'N/A'),
(1429, 'NOLI REYES', 'NOLI REYES', '', '', 'N/A'),
(1430, 'REPTILESKY OPC', 'REPTILESKY OPC', '', '', 'N/A'),
(1431, 'GREEN STONE PHARMACEUTICAL INC.', 'GREEN STONE PHARMACEUTICAL INC.', '', '', 'N/A'),
(1432, 'JOY SABADO', 'JOY SABADO', '', '', 'N/A'),
(1433, 'ALCON PHILIPPINES TECHNOLOGIES SOLUTIONS INC', 'ALCON PHILIPPINES TECHNOLOGIES SOLUTIONS INC', '', '', 'N/A'),
(1434, 'TOPGROSS MARKETING', 'TOPGROSS MARKETING', '', '', 'N/A'),
(1435, 'EXPEDIA SOLUTIONS SPECIALIST INC', 'EXPEDIA SOLUTIONS SPECIALIST INC', '', '', 'N/A'),
(1436, 'PRO-ENVIROTEK INC', 'PRO-ENVIROTEK INC', '', '', 'N/A');

-- --------------------------------------------------------

--
-- Table structure for table `dept_tb`
--

CREATE TABLE `dept_tb` (
  `dept_id` int(250) NOT NULL,
  `dept_name` varchar(250) DEFAULT NULL
) ENGINE=InnoDB DEFAULT CHARSET=utf8mb4;

--
-- Dumping data for table `dept_tb`
--

INSERT INTO `dept_tb` (`dept_id`, `dept_name`) VALUES
(1, 'PRCG'),
(2, 'FABRICATION'),
(3, 'ACRYLIC'),
(6, 'STKRM'),
(7, 'RAWMAT'),
(8, 'ADMIN'),
(9, 'PROPERTY');

-- --------------------------------------------------------

--
-- Table structure for table `employee_tb`
--

CREATE TABLE `employee_tb` (
  `emp_id` int(11) NOT NULL,
  `emp_name` varchar(100) NOT NULL,
  `dept_id` int(250) NOT NULL
) ENGINE=InnoDB DEFAULT CHARSET=utf8mb4;

--
-- Dumping data for table `employee_tb`
--

INSERT INTO `employee_tb` (`emp_id`, `emp_name`, `dept_id`) VALUES
(1, 'L.Ramos', 2),
(2, 'D.PAZ', 2),
(3, 'D. OBERA', 1),
(4, 'M.BAGUINAON', 2),
(5, 'P. Relova', 1),
(6, 'C. Olog', 1),
(7, 'L. Rodriguez', 2),
(8, 'R.Echague', 6),
(9, 'sdfs', 4),
(10, 'asdas', 2);

-- --------------------------------------------------------

--
-- Table structure for table `loc_tb`
--

CREATE TABLE `loc_tb` (
  `loc_id` int(250) NOT NULL,
  `loc_name` varchar(250) NOT NULL
) ENGINE=InnoDB DEFAULT CHARSET=utf8mb4;

--
-- Dumping data for table `loc_tb`
--

INSERT INTO `loc_tb` (`loc_id`, `loc_name`) VALUES
(1, 'B2AR1'),
(2, 'B2AR2'),
(3, 'B2AR3'),
(4, 'B2AR4'),
(5, 'B2AR5'),
(6, 'B2AR6'),
(7, 'B2AR7'),
(8, 'B2AR8'),
(9, 'B2AR9'),
(10, 'B2AR10'),
(11, 'B2AR11'),
(12, 'B2AR12'),
(13, 'B2AR13'),
(14, 'B2AR14'),
(15, 'B2AR15'),
(16, 'B2AR16'),
(17, 'B2AR17'),
(18, 'B2AR18'),
(19, 'B2AR19'),
(20, 'B2AR20'),
(21, 'B2AR21'),
(22, 'B2AR22'),
(23, 'B2AR23'),
(24, 'B2AR24'),
(25, 'B2AR25'),
(26, 'B2AR26'),
(27, 'B2AR27'),
(28, 'B2AR28'),
(29, 'B2AR29'),
(30, 'B2AR30'),
(31, 'B2AR31'),
(32, 'B2AR32'),
(33, 'B2AR33'),
(34, 'B2AR34'),
(35, 'B2AR35'),
(36, 'B2AR36'),
(37, 'B2AR37'),
(38, 'B2AR39'),
(39, 'B2AR40'),
(40, 'BDG2'),
(41, 'B2STR1'),
(42, 'B2STR2'),
(43, 'B2STR3'),
(44, 'B2STR4'),
(45, 'B2STR5'),
(46, 'B2STR6'),
(47, 'B2UR1'),
(48, 'B2UR2'),
(49, 'B2UR3'),
(50, 'B2UR4'),
(51, 'B2STR7'),
(52, 'B2UR5'),
(53, 'B2UR6'),
(54, 'B2STR8'),
(55, 'B2UR7'),
(56, 'B2UR8'),
(57, 'B2STR9'),
(58, 'B2UR9'),
(59, 'B2UR10'),
(60, 'B2STR10'),
(61, 'B2STR11'),
(62, 'B2STR12'),
(63, 'B2STR13'),
(64, 'B2STR14'),
(65, 'B2STR15'),
(66, 'B2STR16'),
(67, 'B2STR17'),
(68, 'B2STR18'),
(69, 'B2STR19'),
(70, 'B2STR20'),
(71, 'B2STR21'),
(72, 'B2STR22'),
(73, 'B2STR23'),
(74, 'B2STR24'),
(75, 'B2STR25'),
(76, 'B2STR26'),
(77, 'B2STR27'),
(78, 'B2STR28'),
(79, 'B2STR29'),
(80, 'B2STR30'),
(81, 'B2STR31'),
(82, 'B2STR32'),
(83, 'B2STR33'),
(84, 'B2STR34'),
(85, 'B2STR35'),
(86, 'B2STR36'),
(87, 'B2STR37'),
(88, 'B2STR38'),
(89, 'B2STR39'),
(90, 'B2STR40'),
(91, 'B2STR41'),
(92, 'B2STR42'),
(93, 'B2STR43'),
(94, 'B2STR44'),
(95, 'B2STR45'),
(96, 'B2STR46'),
(97, 'B2STR47'),
(98, 'B2STR48'),
(99, 'B2STR49'),
(100, 'B2STR50'),
(101, 'B2STR51'),
(102, 'B2STR52'),
(103, 'B2STR53'),
(104, 'B2STR54'),
(105, 'B2STR55'),
(106, 'B2STR56'),
(107, 'B2STR57'),
(108, 'B2STR58'),
(109, 'B2STR59'),
(110, 'B2STR60'),
(111, 'B2STR61'),
(112, 'B2STR62'),
(113, 'B2STR63'),
(114, 'B2STR64'),
(115, 'B2STR65'),
(116, 'B2STR66'),
(117, 'B2STR67'),
(118, 'B2STR68'),
(119, 'B2STR69'),
(120, 'B2STR70'),
(121, 'B2STR71'),
(122, 'B2STR72'),
(123, 'B2STR73'),
(124, 'B2STR74'),
(125, 'B2STR75'),
(126, 'B2STR76'),
(127, 'B2STR77'),
(128, 'B2STR78'),
(129, 'B2STR79'),
(130, 'B2STR80'),
(131, 'B2STR81'),
(132, 'B2STR82'),
(133, 'B2STR83'),
(134, 'B2STR84'),
(135, 'B2STR85'),
(136, 'B2STR86'),
(137, 'B2STR87'),
(138, 'B2STR88'),
(139, 'B2STR89'),
(140, 'B2STR90'),
(141, 'B2STR91'),
(142, 'B2STR92'),
(143, 'B2STR93'),
(144, 'B2STR94'),
(145, 'B2STR95'),
(146, 'B2STR96'),
(147, 'B2STR97'),
(148, 'B2STR98'),
(149, 'B2STR99'),
(150, 'B2STR100'),
(151, 'B2STR101'),
(152, 'B2STR102'),
(153, 'B2STR103'),
(154, 'B2STR104'),
(155, 'B2STR105'),
(156, 'B2STR106'),
(157, 'B2STR107'),
(158, 'B2STR108'),
(159, 'B2STR109'),
(160, 'B2STR110'),
(161, 'B2STR111'),
(162, 'B2STR112'),
(163, 'B2STR113'),
(164, 'B2STR114'),
(165, 'B2STR115'),
(166, 'B2STR116'),
(167, 'B2STR117'),
(168, 'B2STR118'),
(169, 'B2STR119'),
(170, 'B2STR120'),
(171, 'B2STR121'),
(172, 'B2STR122'),
(173, 'B2STR123'),
(174, 'B2STR124'),
(175, 'B2STR125'),
(176, 'B2STR126'),
(177, 'B2STR127'),
(178, 'B2STR128'),
(179, 'B2STR129'),
(180, 'B2STR130'),
(181, 'B2STRDOWN'),
(182, 'B2STRUP'),
(183, 'B2STRDOWN/RIGHTSIDE'),
(184, 'B2STRDOWN/LEFTSIDE'),
(185, 'B2STRUP/RIGHTSIDE'),
(186, 'B2STRUP/LEFTSIDE'),
(187, 'LASER'),
(188, 'SCRAP'),
(189, 'B2AR41'),
(190, 'STKRM'),
(191, 'CUTTER'),
(192, 'FABRICATION'),
(193, 'B4AR6'),
(194, 'B2AR42'),
(195, 'BD4/GF'),
(196, 'BD3'),
(197, 'B4AR7'),
(198, 'B4AR8'),
(199, 'B2AR38'),
(200, 'B4UG'),
(201, 'B4AP5'),
(202, 'B4AP7'),
(203, 'B4AP8'),
(204, 'B4AP9'),
(205, 'B2STRDRS'),
(206, 'B4AP6'),
(207, 'B4AP2'),
(208, 'B4AP3'),
(209, 'B4AP4'),
(210, 'B2ST54'),
(211, 'B2STR/UP'),
(212, 'B2STRDLS'),
(213, 'B2STRDC'),
(214, 'BD2'),
(215, 'BD3/WEIGHING AREA'),
(216, 'BD4/2F'),
(217, 'BD3/PRCGLAB'),
(218, 'BD3/MIXER AREA 2'),
(219, 'BD3/ROLL MILL AREA'),
(220, 'BDG4'),
(221, 'BD3/WEIGHINGM AREA'),
(222, 'BD2STR7'),
(223, 'BD4'),
(224, 'BD2B2STR35'),
(225, 'B2STRDOWN/CENTER'),
(226, 'B2STR'),
(227, 'B2STRRC'),
(228, 'BDG1'),
(229, 'B2/2F'),
(230, 'B2/2F'),
(231, 'B4/2F'),
(232, 'B4AR4'),
(233, 'B2UR'),
(234, 'OFFICE'),
(235, 'BDG3'),
(236, 'B4AR1');

-- --------------------------------------------------------

--
-- Table structure for table `move_product`
--

CREATE TABLE `move_product` (
  `move_id` int(30) NOT NULL,
  `product_id` int(20) NOT NULL,
  `bal_qty` double NOT NULL,
  `in_qty` double NOT NULL,
  `out_qty` double NOT NULL,
  `mov_type_id` int(20) NOT NULL,
  `move_ref` varchar(120) NOT NULL,
  `mov_date` datetime NOT NULL
) ENGINE=InnoDB DEFAULT CHARSET=utf8mb4;

--
-- Dumping data for table `move_product`
--

INSERT INTO `move_product` (`move_id`, `product_id`, `bal_qty`, `in_qty`, `out_qty`, `mov_type_id`, `move_ref`, `mov_date`) VALUES
(1, 0, 123, 123, 0, 0, 'Beginning', '2021-10-25 00:00:00'),
(2, 11675, 123, 123, 0, 0, 'Beginning', '2021-10-25 00:00:00');

-- --------------------------------------------------------

--
-- Table structure for table `move_type`
--

CREATE TABLE `move_type` (
  `mov_type_id` int(20) NOT NULL,
  `mov_type_name` varchar(50) NOT NULL
) ENGINE=InnoDB DEFAULT CHARSET=utf8mb4;

-- --------------------------------------------------------

--
-- Table structure for table `online_payment`
--

CREATE TABLE `online_payment` (
  `online_payment_id` int(11) NOT NULL,
  `order_payment_id` int(11) NOT NULL,
  `online_platform_id` int(11) NOT NULL,
  `online_payment_reference` varchar(255) NOT NULL,
  `online_payment_amount` float NOT NULL,
  `online_payment_date` text NOT NULL
) ENGINE=InnoDB DEFAULT CHARSET=utf8mb4;

--
-- Dumping data for table `online_payment`
--

INSERT INTO `online_payment` (`online_payment_id`, `order_payment_id`, `online_platform_id`, `online_payment_reference`, `online_payment_amount`, `online_payment_date`) VALUES
(1, 3, 2, '201830', 200, '2021-10-28'),
(2, 9, 2, '2901290', 10000, '2021-10-28'),
(3, 11, 0, '', 500, ''),
(4, 15, 0, '', 40, '');

-- --------------------------------------------------------

--
-- Table structure for table `online_platform`
--

CREATE TABLE `online_platform` (
  `online_platform_id` int(11) NOT NULL,
  `online_platform_name` varchar(255) NOT NULL
) ENGINE=InnoDB DEFAULT CHARSET=utf8mb4;

-- --------------------------------------------------------

--
-- Table structure for table `order_payment`
--

CREATE TABLE `order_payment` (
  `order_payment_id` int(50) NOT NULL,
  `payment_type_id` int(50) NOT NULL,
  `order_id` int(50) NOT NULL,
  `order_payment_debit` double NOT NULL,
  `order_payment_credit` double NOT NULL,
  `order_payment_balance` double NOT NULL,
  `order_payment_date` text NOT NULL,
  `payment_status_id` int(11) NOT NULL DEFAULT 1
) ENGINE=InnoDB DEFAULT CHARSET=utf8mb4;

--
-- Dumping data for table `order_payment`
--

INSERT INTO `order_payment` (`order_payment_id`, `payment_type_id`, `order_id`, `order_payment_debit`, `order_payment_credit`, `order_payment_balance`, `order_payment_date`, `payment_status_id`) VALUES
(1, 0, 2, 0, 1234, 1234, '2021-10-24T00:07:12.329Z', 0),
(2, 1, 2, 234, 0, 1000, '2021-10-24T00:07:21.129Z', 1),
(3, 0, 3, 0, 1234, 1234, '2021-10-24T04:30:58.941Z', 0),
(4, 0, 4, 0, 1234, 1234, '2021-10-25T07:49:54.099Z', 0),
(5, 1, 4, 1234, 0, 0, '2021-10-25T07:50:24.546Z', 2),
(6, 1, 3, 1000, 0, 234, '2021-10-25T08:08:31.384Z', 0),
(7, 1, 3, 234, 0, 0, '2021-10-25T08:10:42.536Z', 2);

-- --------------------------------------------------------

--
-- Table structure for table `order_pay_receipt`
--

CREATE TABLE `order_pay_receipt` (
  `rcpt_id` int(50) NOT NULL,
  `order_payment_id` int(50) NOT NULL
) ENGINE=InnoDB DEFAULT CHARSET=utf8mb4;

-- --------------------------------------------------------

--
-- Table structure for table `order_product`
--

CREATE TABLE `order_product` (
  `product_id` int(50) NOT NULL,
  `order_id` int(50) NOT NULL,
  `pos_temp_qty` double DEFAULT NULL,
  `pos_temp_price` int(50) NOT NULL,
  `pos_temp_disamount` int(50) NOT NULL,
  `pos_temp_tot` int(50) NOT NULL
) ENGINE=InnoDB DEFAULT CHARSET=utf8mb4;

--
-- Dumping data for table `order_product`
--

INSERT INTO `order_product` (`product_id`, `order_id`, `pos_temp_qty`, `pos_temp_price`, `pos_temp_disamount`, `pos_temp_tot`) VALUES
(1, 1, 1, 1234, 0, 0),
(1, 2, 1, 1234, 0, 0),
(1, 3, 100, 1600, 0, 0),
(1, 4, 1, 1234, 0, 0),
(8, 2, 1, 0, 0, 0),
(9, 1, 1, 0, 0, 0),
(9, 3, 1, 0, 0, 0),
(11, 1, 1, 0, 0, 0),
(12, 3, 1, 0, 0, 0),
(15, 3, 1, 0, 0, 0),
(24, 3, 2, 0, 0, 0);

-- --------------------------------------------------------

--
-- Table structure for table `order_status`
--

CREATE TABLE `order_status` (
  `order_status_id` int(11) NOT NULL,
  `order_status_name` varchar(255) NOT NULL
) ENGINE=InnoDB DEFAULT CHARSET=utf8mb4;

--
-- Dumping data for table `order_status`
--

INSERT INTO `order_status` (`order_status_id`, `order_status_name`) VALUES
(1, 'pending'),
(2, 'releasing'),
(3, 'done'),
(4, 'cancelled');

-- --------------------------------------------------------

--
-- Table structure for table `order_tb`
--

CREATE TABLE `order_tb` (
  `order_id` int(50) NOT NULL,
  `customer_id` int(50) NOT NULL,
  `total` double NOT NULL,
  `pos_date` text NOT NULL,
  `order_status_id` int(11) NOT NULL DEFAULT 1
) ENGINE=InnoDB DEFAULT CHARSET=utf8mb4;

--
-- Dumping data for table `order_tb`
--

INSERT INTO `order_tb` (`order_id`, `customer_id`, `total`, `pos_date`, `order_status_id`) VALUES
(1, 6, 1234, '2021-10-24T00:00:08.555Z', 1),
(2, 6, 1234, '2021-10-24T00:07:12.329Z', 1),
(3, 4, 1234, '2021-10-24T04:30:58.941Z', 3),
(4, 15, 1234, '2021-10-25T07:49:54.099Z', 3);

-- --------------------------------------------------------

--
-- Table structure for table `payment_status`
--

CREATE TABLE `payment_status` (
  `payment_status_id` int(11) NOT NULL,
  `payment_status_name` varchar(255) NOT NULL
) ENGINE=InnoDB DEFAULT CHARSET=utf8mb4;

--
-- Dumping data for table `payment_status`
--

INSERT INTO `payment_status` (`payment_status_id`, `payment_status_name`) VALUES
(0, 'archived'),
(1, 'account_receivable'),
(2, 'fully_paid');

-- --------------------------------------------------------

--
-- Table structure for table `payment_type`
--

CREATE TABLE `payment_type` (
  `payment_type_id` int(30) NOT NULL,
  `payment_type_name` varchar(50) DEFAULT NULL
) ENGINE=InnoDB DEFAULT CHARSET=utf8;

--
-- Dumping data for table `payment_type`
--

INSERT INTO `payment_type` (`payment_type_id`, `payment_type_name`) VALUES
(0, 'Initial'),
(1, 'Cash'),
(2, 'Online'),
(3, 'Cheque');

-- --------------------------------------------------------

--
-- Table structure for table `pinv_tb`
--

CREATE TABLE `pinv_tb` (
  `pinv_id` int(11) NOT NULL,
  `pinv_code` varchar(30) DEFAULT NULL,
  `pinv_title` varchar(30) DEFAULT NULL,
  `pinv_date` date DEFAULT NULL,
  `pinv_checkby` varchar(30) DEFAULT NULL,
  `pinv_appby` varchar(30) DEFAULT NULL,
  `pinv_remarks` varchar(300) DEFAULT NULL
) ENGINE=InnoDB DEFAULT CHARSET=utf8mb4;

--
-- Dumping data for table `pinv_tb`
--

INSERT INTO `pinv_tb` (`pinv_id`, `pinv_code`, `pinv_title`, `pinv_date`, `pinv_checkby`, `pinv_appby`, `pinv_remarks`) VALUES
(1, 'PHINV2021', 'checktesttitle', '2021-06-10', 'DEF', 'ABC', 'Remarks'),
(2, 'asdasd', 'sdasad', '2021-06-25', 'asdsa', 'dsasad', 'sadsadsad'),
(3, 'asdas', 'dsadasd', '2021-06-25', 'asdas', 'sad', 'sadasd'),
(4, 'sadasd', 'asdasd', '2021-06-25', 'dsasad', 'sad', 'asdasdasd');

-- --------------------------------------------------------

--
-- Table structure for table `po_product`
--

CREATE TABLE `po_product` (
  `product_id` int(250) NOT NULL,
  `po_id` int(250) NOT NULL,
  `item_qtyorder` int(20) DEFAULT NULL,
  `item_cost` double NOT NULL,
  `item_disamount` float DEFAULT NULL,
  `po_temp_tot` varchar(30) DEFAULT NULL
) ENGINE=InnoDB DEFAULT CHARSET=utf8mb4;

-- --------------------------------------------------------

--
-- Table structure for table `po_tb`
--

CREATE TABLE `po_tb` (
  `po_id` int(20) NOT NULL,
  `po_code` varchar(10) DEFAULT NULL,
  `po_title` varchar(20) DEFAULT NULL,
  `po_date` date DEFAULT NULL,
  `po_remarks` varchar(300) DEFAULT NULL,
  `po_terms` varchar(250) DEFAULT NULL,
  `sup_id` int(30) DEFAULT NULL,
  `closed` tinyint(1) NOT NULL
) ENGINE=InnoDB DEFAULT CHARSET=utf8mb4;

-- --------------------------------------------------------

--
-- Table structure for table `product`
--

CREATE TABLE `product` (
  `product_id` int(255) NOT NULL,
  `product_name` varchar(100) NOT NULL,
  `class_id` int(250) NOT NULL,
  `qty` double DEFAULT NULL,
  `unit_id` int(250) DEFAULT NULL,
  `pro_remarks` varchar(300) DEFAULT NULL,
  `loc_id` int(250) NOT NULL,
  `barcode` varchar(10) DEFAULT NULL,
  `price` int(250) DEFAULT NULL,
  `cost` int(20) DEFAULT NULL,
  `dept_id` int(250) DEFAULT NULL,
  `sup_id` int(30) DEFAULT NULL
) ENGINE=InnoDB DEFAULT CHARSET=latin1;

--
-- Dumping data for table `product`
--

INSERT INTO `product` (`product_id`, `product_name`, `class_id`, `qty`, `unit_id`, `pro_remarks`, `loc_id`, `barcode`, `price`, `cost`, `dept_id`, `sup_id`) VALUES
(1, '000 1.5mm x 11-7/16in x 34-7/8in MM [MAC] A', 5, -4, 9, ' huehueue', 5, '24243', 1234, 900, 7, 114),
(2, '000 1.5mm x 19-1/2in x 31in MM [MAC] A', 3, 0, 4, 'W2=2', 5, '1234', 0, 0, 7, 114),
(3, '000 1.5mm x 14-3/4in x 28-1/2in MM A', 0, 0, 0, ' ', 0, '', 0, 0, 0, 114),
(4, '000 1.5mm x 17-15/16in x 23-5/16in MM [SUMIPEX] A', 0, 0, 0, ' ', 0, '', 0, 0, 0, 114),
(5, '000 1.5mm x 19-1/2in x 24in MM B', 0, 0, 0, 'USB=2', 0, '', 0, 0, 0, 114),
(6, '000 1.5mm x 21-1/2in x 27-1/2in MM A', 0, 0, 0, 'W1=1 ', 0, '', 0, 0, 0, 114),
(7, '000 1.5mm x 23-1/4in x 24in MM [SUMIPEX] A', 0, 1, 0, ' ', 0, '', 0, 0, 0, 114),
(8, '000 1.5mm x 23-5/8in x 48in MM B', 89, -1, 19, 'USB=1 ', 18, '', 0, 0, 3, 114),
(9, '000 1.5mm x 26-1/2in x 35-3/4in MM A', 89, -2, 19, 'USB=1 ', 33, '', 0, 0, 3, 114),
(10, '000 1.5mm x 31-3/8in x 48in MM [SUMIPEX] A', 89, 0, 19, ' ', 18, '', 0, 0, 3, 114),
(11, '000 2.0mm x 15-1/2in x 48in MM A', 89, -8, 19, 'USB=1 ', 20, '', 0, 0, 3, 114),
(12, '000 1.5mm x 4ft x 6ft MM [SUMIPEX] A', 89, -1, 19, ' ', 19, '', 0, 0, 3, 114),
(13, '000 1.5mm x 5-3/4in x 40in MM [MAC] A', 89, 9, 19, ' ', 30, '', 0, 0, 3, 114),
(14, '000 1.5mm x 7-3/4in x 72in MM [MAC] A', 89, 10, 19, ' ', 30, '', 0, 0, 3, 114),
(15, '000 1.5mm x 7in x 40in MM [PACC] A', 89, 3, 19, ' ', 18, '', 0, 0, 3, 114),
(16, '000 2.0mm x 24in x 48in MM [CAPI] A', 89, 0, 19, ' ', 1, '', 0, 0, 3, 114),
(17, '000 1.5mm x 8in x 33-1/8in MM B', 89, 1, 19, ' ', 203, '', 0, 0, 3, 114),
(18, '000 1.5mm x 9-7/8in x 72in MM [MAC] A', 89, 1, 19, ' ', 18, '', 0, 0, 3, 114),
(19, '000 1.5mm x I KK B', 89, 1, 19, 'USB=1 ', 11, 'LG0602', 0, 0, 3, 114),
(20, '000 1.5mm x I KK B', 89, 2, 19, 'USB=3 ', 14, 'QA0502', 0, 0, 3, 114),
(21, '000 1.5mm x I KK B', 89, 0, 19, 'USB=2 ', 14, 'QA0303', 0, 0, 3, 114),
(22, '000 1.5mm x I KK B', 89, 1, 19, 'USB=1 ', 11, 'LO0802', 0, 0, 3, 114),
(23, '000 1.5mm x I KK B', 89, 0, 19, 'USB=1 ', 14, 'PU2803', 0, 0, 3, 114),
(24, '000 1.5mm x I KK B', 89, 1, 19, 'MB=3 ', 14, 'QM2301', 0, 0, 3, 114),
(25, '000 1.5mm x I KK B', 89, 2, 19, 'MB=2 ', 14, 'QM2302', 0, 0, 3, 114),
(26, '000 1.5mm x I KK B', 89, 3, 19, 'MB=3 ', 15, 'RJ2906', 0, 0, 3, 114),
(27, '000 1.5mm x I KK B', 89, 2, 19, 'USB=2 ', 15, 'RJ2906', 0, 0, 3, 114),
(28, '000 1.5mm x I KK B', 89, 0, 19, 'USB=4 ', 15, 'LN1106', 0, 0, 3, 114),
(29, '000 1.5mm x I KK B', 89, 1, 19, 'USB=2 ', 15, 'LN1101', 0, 0, 3, 114),
(30, '000 1.5mm x I KK B', 89, 0, 19, 'USB=1 ', 15, 'LN1105', 0, 0, 3, 114),
(31, '000 1.5mm x I KK B', 89, 1, 19, 'USB=1 ', 14, 'QA0501', 0, 0, 3, 114),
(32, '000 1.5mm x I KK C', 89, 7, 19, ' ', 203, 'QA1103', 0, 0, 3, 114),
(33, '000 1.5mm x I MM B', 89, 2, 19, 'USB=3 ', 15, 'QM2301', 0, 0, 3, 114),
(34, '000 1.5mm x I MM B', 89, 1, 19, 'USB/PRE-SPLIT=1 ', 21, 'OG2503', 0, 0, 3, 114),
(35, '000 1.5mm x I MM B', 89, 0, 19, 'USB/W1=1 ', 15, 'OG2504', 0, 0, 3, 114),
(36, '000 1.5mm x I MM B', 89, 0, 19, 'W4=1 ', 15, 'PD1905', 0, 0, 3, 114),
(37, '000 1.5mm x I MM B', 89, 1, 19, 'W3/PRE-SPLIT=1 ', 21, 'PU2801', 0, 0, 3, 114),
(38, '000 1.5mm x I MM B', 89, 1, 19, 'USB/PRE-SPLIT=1 ', 21, 'PU2805', 0, 0, 3, 114),
(39, '000 1.5mm x I MM B', 89, 0, 19, 'W2=1 ', 13, 'RF2203', 0, 0, 3, 114),
(40, '000 1/16 x I KK B', 89, 4, 19, 'USB=5 ', 15, 'KD1705', 0, 0, 3, 114),
(41, '000 1/16 x I KK B', 89, 0, 19, 'USB=1 ', 15, 'KD1704', 0, 0, 3, 114),
(42, '000 1/2 x 15-1/2in x 19in MM B', 89, 1, 19, ' ', 203, '', 0, 0, 3, 114),
(43, '000 1/2 x 6in x 11-1/2in MM B', 89, 1, 19, ' ', 203, '', 0, 0, 3, 114),
(44, '000 1/2 x 8-1/2in x 30-1/8in K B', 89, 1, 19, ' ', 203, '', 0, 0, 3, 114),
(45, '000 1/2 x 9-1/2in x 11in MM B', 89, 1, 19, ' ', 203, '', 0, 0, 3, 114),
(46, '000 10.0mm x 10-15/16in x 19-15/16in MM B', 89, 1, 19, ' ', 203, '', 0, 0, 3, 114),
(47, '000 10.0mm x 10in x 13-5/8in K B', 89, 1, 19, ' ', 203, '', 0, 0, 3, 114),
(48, '000 10.0mm x 10in x 23-5/8in KK B', 89, 1, 19, ' ', 203, '', 0, 0, 3, 114),
(49, '000 10.0mm x 10in x 48in K B', 89, 2, 19, ' ', 203, '', 0, 0, 3, 114),
(50, '000 10.0mm x 11-7/8in x 31in MM B', 89, 1, 19, ' ', 203, '', 0, 0, 3, 114),
(51, '000 10.0mm x 11in x 18-1/2in MM A', 89, 1, 19, ' ', 22, '', 0, 0, 3, 114),
(52, '000 10.0mm x 12-3/16in x 56-1/2in MM [TDA] A', 89, 0, 19, ' ', 7, '', 0, 0, 3, 114),
(53, '000 10.0mm x 12in x 13-3/8in MM A', 89, 1, 19, ' ', 202, '', 0, 0, 3, 114),
(54, '000 10.0mm x 12in x 15-3/8in MM A', 89, 1, 19, ' ', 202, '', 0, 0, 3, 114),
(55, '000 10.0mm x 12in x 24in MM B', 89, 1, 19, ' ', 203, '', 0, 0, 3, 114),
(56, '000 10.0mm x 12in x 30-1/2in MM B', 89, 1, 19, ' ', 203, '', 0, 0, 3, 114),
(57, '000 10.0mm x 12in x 30in MM B', 89, 1, 19, 'W1=1 ', 25, '', 0, 0, 3, 114),
(58, '000 10.0mm x 12in x 48in KK B', 89, 1, 19, ' ', 203, '', 0, 0, 3, 114),
(59, '000 10.0mm x 12in x 56in MM B', 89, 1, 19, ' ', 203, '', 0, 0, 3, 114),
(60, '000 10.0mm x 14in x 60in MM A', 89, 1, 19, ' ', 27, '', 0, 0, 3, 114),
(61, '000 10.0mm x 15-3/4in x 19-3/4in MM A', 89, 1, 19, ' ', 202, '', 0, 0, 3, 114),
(62, '000 10.0mm x 15in x 42-1/2in MM B', 89, 1, 19, ' ', 201, '', 0, 0, 3, 114),
(63, '000 10.0mm x 17-1/2in x 48in MM [CAPI] A', 89, 0, 19, ' ', 7, '', 0, 0, 3, 114),
(64, '000 10.0mm x 17-1/2in x 56-1/2in MM A', 89, 1, 19, ' ', 22, '', 0, 0, 3, 114),
(65, '000 10.0mm x 17-1/4in x 52-1/2 MM [COPI] A', 89, 1, 19, ' ', 30, '', 0, 0, 3, 114),
(66, '000 10.0mm x 17-3/4in x 20-7/8in MM A', 89, 1, 19, ' ', 202, '', 0, 0, 3, 114),
(67, '000 10.0mm x 17in x 21in MM A', 89, 0, 19, ' ', 22, '', 0, 0, 3, 114),
(68, '000 10.0mm x 17in x 38-5/16 MM [COPI] A', 89, 1, 19, ' ', 30, '', 0, 0, 3, 114),
(69, '000 10.0mm x 18-1/2in x 19in MM A', 89, 1, 19, ' ', 22, '', 0, 0, 3, 114),
(70, '000 10.0mm x 18-1/8in x 32-1/8in MM B', 89, 1, 19, ' ', 203, '', 0, 0, 3, 114),
(71, '000 10.0mm x 18in x 60in MM A', 89, 1, 19, ' ', 28, '', 0, 0, 3, 114),
(72, '000 10.0mm x 19in x 100-3/8in MM B', 89, 1, 19, 'W2=1 ', 25, '', 0, 0, 3, 114),
(73, '000 10.0mm x 21in x 23-5/8in K B', 89, 1, 19, ' ', 203, '', 0, 0, 3, 114),
(74, '000 10.0mm x 23-5/8in x 23-5/8in NC B', 89, 6, 19, ' ', 202, '', 0, 0, 3, 114),
(75, '000 10.0mm x 23in x 60in MM B', 89, 2, 19, ' ', 201, '', 0, 0, 3, 114),
(76, '000 10.0mm x 24in x 60in MM A', 89, 1, 19, ' ', 22, '', 0, 0, 3, 114),
(77, '000 10.0mm x 24in x 60in MM A', 89, 1, 19, ' ', 22, '', 0, 0, 3, 114),
(78, '000 10.0mm x 25-15/16in x 48in MM A', 89, 0, 19, ' ', 22, '', 0, 0, 3, 114),
(79, '000 10.0mm x 26in x 101in MM A', 89, 1, 19, ' ', 28, '', 0, 0, 3, 114),
(80, '000 10.0mm x 27-1/2in x 41-1/2in MM [COPI] A', 89, 0, 19, ' ', 30, '', 0, 0, 3, 114),
(81, '000 10.0mm x 30in x 42in KK B', 89, 1, 19, ' ', 202, '', 0, 0, 3, 114),
(82, '000 10.0mm x 31in x 76in MM B', 89, 1, 19, 'W4=1 ', 26, '', 0, 0, 3, 114),
(83, '000 10.0mm x 4-1/2in x 41in MM B', 89, 1, 19, ' ', 203, '', 0, 0, 3, 114),
(84, '000 10.0mm x 4-1/2in x 47-1/2in MM A', 89, 1, 19, ' ', 202, '', 0, 0, 3, 114),
(85, '000 10.0mm x 42in x 60in MM B', 89, 1, 19, ' ', 202, '', 0, 0, 3, 114),
(86, '000 10.0mm x 44in x 48in K B', 89, 1, 19, ' ', 202, '', 0, 0, 3, 114),
(87, '000 10.0mm x 44in x 48in MM [COPI] A', 89, 1, 19, ' ', 18, '', 0, 0, 3, 114),
(88, '000 10.0mm x 4in x 14-1/4in MM B', 89, 1, 19, ' ', 203, '', 0, 0, 3, 114),
(89, '000 10.0mm x 4in x 20-15/16in MM A', 89, 1, 19, ' ', 202, '', 0, 0, 3, 114),
(90, '000 10.0mm x 5-1/2in x 15-3/8in MM B', 89, 1, 19, ' ', 203, '', 0, 0, 3, 114),
(91, '000 10.0mm x 5-1/2in x 17in MM B', 89, 1, 19, ' ', 201, '', 0, 0, 3, 114),
(92, '000 10.0mm x 5-1/2in x 18-1/4in MM B', 89, 1, 19, ' ', 203, '', 0, 0, 3, 114),
(93, '000 10.0mm x 5-1/2in x 32-3/16in MM B', 89, 14, 19, ' ', 202, '', 0, 0, 3, 114),
(94, '000 10.0mm x 5-1/2in x 49-1/4in MM A', 89, 1, 19, ' ', 202, '', 0, 0, 3, 114),
(95, '000 10.0mm x 5in x 18in MM B', 89, 1, 19, ' ', 203, '', 0, 0, 3, 114),
(96, '000 10.0mm x 13in x 18-3/4in MM [CAPI] A', 89, 0, 19, ' ', 23, '', 0, 0, 3, 114),
(97, '000 10.0mm x 5in x 52in MM A', 89, 1, 19, ' ', 202, '', 0, 0, 3, 114),
(98, '000 10.0mm x 6-1/2in x 25in MM A', 89, 1, 19, ' ', 202, '', 0, 0, 3, 114),
(99, '000 10.0mm x 6-7/8in x 48in MM B', 89, 1, 19, ' ', 203, '', 0, 0, 3, 114),
(100, '000 10.0mm x 6in x 18in MM B', 89, 1, 19, ' ', 203, '', 0, 0, 3, 114),
(11672, 'tear gaas', 3, 14, 1, '123', 1, '123', 123, 123, 3, 107),
(11673, 'flash bang', 3, 12, 4, '123', 3, '123', 123, 123, 2, 74),
(11674, 'flash grenade', 2, 123, 6, '123', 3, '123', 123, 123, 3, 76),
(11675, 'Luden\'s Echo', 2, 123, 2, '123', 3, '123', 123, 123, 3, 76);

-- --------------------------------------------------------

--
-- Table structure for table `rcpt`
--

CREATE TABLE `rcpt` (
  `rcpt_id` int(50) NOT NULL,
  `trans_type_id` int(50) NOT NULL,
  `rcpt_date` date NOT NULL,
  `rcpt_type_id` int(50) NOT NULL,
  `rcpt_number` int(50) NOT NULL
) ENGINE=InnoDB DEFAULT CHARSET=utf8mb4;

-- --------------------------------------------------------

--
-- Table structure for table `rcpt_type`
--

CREATE TABLE `rcpt_type` (
  `rcpt_type_id` int(50) NOT NULL,
  `rcpt_type_name` int(50) NOT NULL
) ENGINE=InnoDB DEFAULT CHARSET=utf8mb4;

-- --------------------------------------------------------

--
-- Table structure for table `rcpt_type_number`
--

CREATE TABLE `rcpt_type_number` (
  `rcpt_type_id` int(50) NOT NULL,
  `rcpt_number` int(50) NOT NULL
) ENGINE=InnoDB DEFAULT CHARSET=utf8mb4;

-- --------------------------------------------------------

--
-- Table structure for table `srr_product`
--

CREATE TABLE `srr_product` (
  `product_id` int(255) NOT NULL,
  `srr_id` int(255) NOT NULL,
  `srr_qty` int(255) NOT NULL,
  `srr_ref` varchar(255) NOT NULL,
  `sup_id` int(255) NOT NULL,
  `srr_date` date NOT NULL
) ENGINE=InnoDB DEFAULT CHARSET=utf8mb4;

-- --------------------------------------------------------

--
-- Table structure for table `srr_tb`
--

CREATE TABLE `srr_tb` (
  `srr_id` int(255) NOT NULL,
  `srr_no` int(255) DEFAULT NULL,
  `emp_id` varchar(255) DEFAULT NULL
) ENGINE=InnoDB DEFAULT CHARSET=utf8mb4;

-- --------------------------------------------------------

--
-- Table structure for table `stin_product`
--

CREATE TABLE `stin_product` (
  `product_id` int(50) NOT NULL,
  `stin_id` int(50) NOT NULL,
  `stin_temp_qty` double DEFAULT NULL,
  `stin_temp_cost` double DEFAULT NULL,
  `stin_temp_disamount` double DEFAULT NULL,
  `stin_temp_tot` varchar(30) DEFAULT NULL
) ENGINE=InnoDB DEFAULT CHARSET=utf8mb4;

-- --------------------------------------------------------

--
-- Table structure for table `stin_tb`
--

CREATE TABLE `stin_tb` (
  `stin_id` int(20) NOT NULL,
  `stin_code` varchar(250) DEFAULT NULL,
  `stin_title` varchar(30) NOT NULL,
  `stin_date` date NOT NULL,
  `stin_remarks` varchar(250) NOT NULL,
  `emp_id` int(250) NOT NULL,
  `closed` tinyint(1) NOT NULL,
  `stin_close_date` date NOT NULL
) ENGINE=InnoDB DEFAULT CHARSET=latin1;

-- --------------------------------------------------------

--
-- Table structure for table `stout_product`
--

CREATE TABLE `stout_product` (
  `product_id` int(50) NOT NULL,
  `stout_id` int(50) NOT NULL,
  `stout_temp_qty` double DEFAULT NULL,
  `stout_temp_cost` double DEFAULT NULL,
  `stout_temp_disamount` double DEFAULT NULL,
  `stout_temp_tot` varchar(30) DEFAULT NULL,
  `stout_temp_remarks` varchar(250) NOT NULL
) ENGINE=InnoDB DEFAULT CHARSET=utf8mb4;

-- --------------------------------------------------------

--
-- Table structure for table `stout_tb`
--

CREATE TABLE `stout_tb` (
  `stout_id` int(20) NOT NULL,
  `stout_code` varchar(30) DEFAULT NULL,
  `stout_title` varchar(30) DEFAULT NULL,
  `stout_date` date NOT NULL,
  `stout_remarks` varchar(300) DEFAULT NULL,
  `itemdesc` varchar(250) DEFAULT NULL,
  `emp_id` int(250) NOT NULL,
  `closed` tinyint(1) NOT NULL,
  `stout_close_date` date DEFAULT NULL
) ENGINE=InnoDB DEFAULT CHARSET=utf8mb4;

-- --------------------------------------------------------

--
-- Table structure for table `sup_tb`
--

CREATE TABLE `sup_tb` (
  `sup_id` int(20) NOT NULL,
  `sup_name` varchar(100) DEFAULT NULL,
  `sup_conper` varchar(50) DEFAULT NULL,
  `sup_tel` varchar(30) DEFAULT NULL,
  `sup_address` varchar(100) DEFAULT NULL,
  `sup_email` varchar(30) DEFAULT NULL,
  `sup_tin` varchar(30) DEFAULT NULL
) ENGINE=InnoDB DEFAULT CHARSET=utf8mb4;

--
-- Dumping data for table `sup_tb`
--

INSERT INTO `sup_tb` (`sup_id`, `sup_name`, `sup_conper`, `sup_tel`, `sup_address`, `sup_email`, `sup_tin`) VALUES
(1, 'DORON CONSTRUCTION SUPPLIES, INC.', 'AVY SALAZAR', '89622882', 'Jasmin Street Camarin, Caloocan City', 'doronconst2018@gmail.com', ''),
(2, 'GUAB YIAC', '', '(02) 8242 0461', '455 Tomas Pinpin St, Binondo, Manila, 1006 Metro', '', ''),
(3, 'MACGRACE TRADING', '', '361-1213', '75 KAINGIN RD. APOLONIO SAMSON 2 QUEZON CITY', '', ''),
(4, 'BROADWAY GRAPHIC ART ENTERPRISES', 'NOELA SANTIAGO', '4155001', '12 H-2 BROADWAY AVE., MARIANA, NEW MANILA, Q.C', '', '111-972-087-000'),
(5, 'SAMPLE SUPLIER', '', '', 'SAMPLE ADDRESS', '', ''),
(6, 'BENGOR INDUSTRIAL SALES CORP', '', '', '', '', ''),
(7, 'GLOBESCO INC', '', '8364 6594', '192 Sto. Domingo Ave, A. Bonifacio, Quezon City, 1', '', ''),
(8, 'MALABON CONTAINER CORP.', 'Mariese Balasa', '83613802', '82 Pineapple Road, Potrero, Malabon City', '', ''),
(9, 'ALUWAY TRADING', '', '', '125-B SAMSON ROAD, CALLOCAN, METRO MANILA', '', ''),
(10, 'UNI-DRAVO COMMERCIAL CORPORATION', '', '', 'Unit 1203 Atlanta Ctr. 31 Annapolis St. Greenhills', '', ''),
(11, 'PAMCO STATIONERY SUPPLY INC', '', '', '', '', ''),
(12, 'TRUMATCH GRAPHICS', 'MONICA', '09175170649', '', 'eotrumatch@gmail.com', ''),
(13, 'CHRISTOPHER C. GAN', '', '', '', '', ''),
(14, 'CRISTINA VIVAR', '', '', '', '', ''),
(15, 'PHILIPPINE RESINS INDUSTRIES, INC.', '', '(632)8810-4965', '8741 PESEO DE ROXAS, BEL-AIR, MAKATI CITY', '', ''),
(16, 'UNI-DRAVO COMMERCIAL CORPOARATION', 'MS. CHE', '09228758119', 'UNIT 1203 ATLANTA CTR, #31 ANNAPOLIS ST. SAN JUAN', '', '224-300-695-000'),
(17, 'CALIFORNIA CHEMICAL CORP.', '', '', '1289 A. SANDOVAL AVE. SAN MIGUEL, PASIG CITY', '', ''),
(18, 'FV-MARKETING CORPORATION', '', '', '6 SANDOVAL AVE. SAN MIGUEL, PASIG CITY', '', ''),
(19, 'HANZVI FIVE TRADING', '', '', '8421 SANDOVAL AVE., PINAGBUHATAN, PASIG CITY', '', ''),
(20, 'JOE-CAN HARDWARE AND CONSTRUCTION SUPPLY', '', '', '4 MARKET AVE., SAN MIGUEL, PASIG CITY', '', ''),
(21, 'ARCHIE AUTO PARTS & SERVICE CENTER, INC', '', '474-2677', '21 MERCEDES AVE., SAN MIGUEL, PASIG CITY', '', ''),
(22, 'SHOPEE', '', '', '', '', ''),
(23, 'CHELLO MARKETING', '', '', '25 ST. JUDE ST., REMERVILLE BAESA, QUEZON CITY', '', ''),
(24, 'SIGNTECH MARKETING CORPORATION', '', '', '487 MERCEDES AVE., BRGY. SAN MIGUEL, PASIG CITY', '', ''),
(25, 'HACHUELA AUTO PARTS SUPPLY', '640-5329', '', '160 MARKET AVE., SAN MIGUEL, PASIG CITY', '', ''),
(26, 'DINE`S HARDWARE', '642-2515', '', '631 MERCEDES AVE., SAN MIGUEL, PASIG CITY', '', ''),
(27, 'NCR COMMERCIAL & GLASS SUPPLY', '641-0380', '', '40-A MABINI ST., PASIG CITY', '', ''),
(28, 'RM AND HR ENTERPRISES', '', '', 'LOT 26 SANDOVAL AVENUE, SAN MIGUEL, PASIG CITY', '', ''),
(29, 'JUBILEUM ORE MARKETING', '836-76146', '', '', '', ''),
(30, 'INK PLANET CO.', '', '', '#7 BASILAN ST., BRGY MALAMIG, MANDALUYONG CITY', '', ''),
(31, 'FABRI-PLAST INDUSTRIAL CORPORATION', '', '', '487 MERCEDES AVE., BRGY. SAN MIGUEL, PASIG CITY', '', ''),
(32, 'SCRAP DE ORO', '', '', '4009 Star Apple, Valenzuela, Metro Manila', '', ''),
(33, 'ALUSIGN PLASTICS, INCORPORATED', '', '', '125 Samson Rd, Caloocan, Metro Manila', '', ''),
(34, 'PICK HO TRADING', '', '', '587 T Alonzo, City of Manila 1000 Metro Manila', '', ''),
(35, 'CAIZER SCIENTIFIC AND MEDICAL SUPPLIES', '735-1150', '', '1058 Rizal Ave. Corner Fugoso St., 312 Sta Cruz', '', ''),
(36, 'THE SM STORE', '', '', '', '', ''),
(37, 'ROBINSONS SUPERMARKET', '', '', '', '', ''),
(38, 'PASIG MEGA MARKET', '', '', '', '', ''),
(39, 'ALIEXPRESS', '', '', '', '', ''),
(40, 'TREETOPS SHELL SERVICE STATION', '', '', '16 MERCEDES AVE., BRGY. SAN MIGUEL, PASIG CITY', '', ''),
(41, 'LAZADA', '', '', '', '', ''),
(42, 'RBL TOOL & DIE CORP.', '', '', 'Policarpio Street 1900 Cainta Rizal', '', ''),
(43, 'G&G LUMBER & CONSTRUCTION SUPPLY', '', '', 'Ortigas Avenue Extension, Pasig City', '', ''),
(44, 'JUN SOLER', '', '', '', '', ''),
(45, 'CAST ACRYLIC PANEL INDUSTRY CO., LIMITED', '', '', 'SENPU INDUSTRY ZONE, OUKENG VILL, GUANGDONG CHINA', '', ''),
(46, 'CHUKOY HARDWARE & CONSTRUCTION SUPPLIES', '0961-434-9100', '', '1283 SANDOVAL AVE., SAN MIGUEL, PASIG CITY', '', ''),
(47, 'DING-NEL GENERAL MERCHANDISE', '', '', '', '', ''),
(48, 'Y2K SCREW HARDWARE', '8724-2151', '8724-1286', 'Unit A5, A6 No. 612 Pinagbuhatan St., Pedro Cruz', '', '188-073-685-000'),
(49, 'JGAN', '', '', '', '', ''),
(50, 'NEWEY INDUSTRIES CORPORATION', 'MS. CHE', '4743121', '8TH AVENUE, GRACE PARK, CALOOCAN CITY', '', '000-300-518-000'),
(51, 'JEREMY C. GAN', '', '', '', '', ''),
(52, 'WIN-AN ENT', '', '', '', '', ''),
(53, 'GRANTOZA AUTO SUPPLY', '', '643-5530', '283 C. RAYMUNDO AVE., MAYBUNGA, PASIG CITY', '', '115-154-112-000'),
(54, 'G&R AUTO ELECTRICAL SHOP', '0908-779-6831', '', '600 E. SANTOS., PALATIW, PASIG CITY', '', ''),
(55, 'GTX MULTITRADE', '', '', '#23 MARKET AVE., COR. BALTAZAR ST., PASIG CITY', '', '137-321-702-001'),
(56, 'HEXAHIVE MARKETING INC.', '941-3078', '703-7135', '2/F 1065 J. P. RIZAL ST., NANGKA, MARIKINA CITY', '', ''),
(57, 'PUREGOLD PRICE CLUB, INC.', '', '', '', '', ''),
(58, 'FIRST CHOICE (LARDE DELA CRUZ)', '', '', '', '', ''),
(59, 'EMILSON ELECTRONICS', '', '', '28 A. MABINI ST., KAPASIGAN, PASIG CITY', '', '186-684-142-000'),
(60, 'CHARLESON AUTO PARTS', '', '', 'CARUNCHO AVE., SAN NICOLAS, PASIG CITY', '', '174-983-011-000'),
(61, 'EXCELLENT PRODUCTS INTERNATIONAL CORP.', '', '', '', '', ''),
(62, 'ISSI INFORMATION TECHNOLOGIES, INC.', '', '781-7465/742-4613', '', '', '006-506-434-000'),
(63, 'CHUN MUK SCREW CENTER', '', '8733-6901', '668 Tomas Mapua St, Santa Cruz, Manila', '', ''),
(64, 'NEW ERRA GENERAL TRADING & MARKETING', '', '', '1868 VELASCO AVE. NAPICO MANGGAHAN, PASIG CITY', '', ''),
(65, 'FOREMOST SCREWTECH BOLTS AND NUTS INC.', '8655-1848', '', '139 WAREHOUSE B., PASIG BLVD., PINEDA, PASIG CITY', '', ''),
(66, 'ALU-WIN', '', '', '', '', ''),
(67, 'QUEEN T. ENTERPRISES, INC', '', '', '', '', ''),
(68, 'BEST ELECTRICAL COMPONENTS (BEC) INC.', '', '', 'OMRON APP BDLG #40 BUENDIA AVE. BRGY SAN ISIDRO MC', '', ''),
(69, 'KENNETH WOODS', '', '', '', '', ''),
(70, 'HANDYMAN DO IT BEST', '', '', 'MERCEDES AVE. COR. BRGY. SAN MIGUEL', '', ''),
(71, 'ESTA FINE COLOR CORPORATION', '', '', '37 ARTURO DRIVE, 1ST AVE. BAGUMBAYAN , TAGUIG CITY', '', '000-158-752-00000'),
(72, 'DIVI MART CORP.', '', '', '8001 SANDOVAL AVE. BRGY., SAN MIGUEL, PASIG CITY', '', ''),
(73, 'NEW TO SUY HARDWARE', '', '', '739-741 TOMAS MAPUA ST. BRGY 305 ZONE 29 STA. CRUZ', '', ''),
(74, 'A&D PRINTER TECHNOLOGY', '', '', '19-21 FIRST ST. COR GILMORE AVE BRGY VALENCIA Q.C.', '', ''),
(75, 'MARK AND AMADEA MERCHANDISING', '', '', '3983 LOT 1 BLK 33 COR FLOODWAY SAN JUAN TAYTAY', '', ''),
(76, 'ALIBABA', '', '', '', '', ''),
(77, 'BALMOTOR ELECTRICAL SERVICES', '', '', '7TH ST., ISLA HOMES 2 & 3, PINAGBUHATAN, PASIG', '', ''),
(78, 'GLEE CHEMICALS RESOURCES, INC.', '', '', '203 E. FERNANDEZ ST. SAN JUAN PHILS', '', ''),
(79, 'SYLING BROTHERS', '', '', '', '', ''),
(80, 'PACKAGING CENTER', '', '', '', '', ''),
(81, 'TAIZHOU GUANGHE RUBBER CO., LTD.', '', '', '', '', ''),
(82, 'RIZAL MILLS', '', '', '', '', ''),
(83, 'MARIXON TRADING, INC.', '641-1976', '', '64 DR. SIXTO ANTONIO AVE., KAPASIGAN, PASIG CITY', '', ''),
(84, 'LANCER`S COCO LUMBER AND HARDWARE', '09672366873', '8518-2338', 'N. CRUZ BLDG., SANDOVAL AVE., PALATIW, PASIG CITY', '', ''),
(85, 'SEVERO SY LING, INC.', '', '', '', '', ''),
(86, 'SCREW WERCS GENERAL MERCHANDISE', '8744-5752,8727-6746', '', '605 B1-B2 PINAGLABANAN ST., CORAZON DE JESUS', '', ''),
(87, 'V. MAG-ISA STORE', '', '', '', '', ''),
(88, 'GUANYIAC', '', '', '', '', ''),
(89, 'JAMAHARAH OIL SEAL & PACKAGING SUPPLY CO.', '8251 8731', '', '1211, Padre Algue Street, Tondo, Manila', '', ''),
(90, 'ELECTRICAL EQUIPMENT AND SUPPLY', '89132474', '', 'KATIPUNAN', '', ''),
(91, 'SBS PHILIPPINES CORPORATION', '', '', 'DEL MONTE SIENNA', '', ''),
(92, 'ZENITH INVESTMENT CORP', '', '', '', '', ''),
(93, 'PASIG UNITED LUMBER', '', '', '', '', ''),
(94, 'INTER-POWER SUPPLY CORPORATION', '740-2036', '', '257 MAYON ST., QUEZON CITY', '', ''),
(95, 'UNITED BEARING INDUSTRIAL CORPORATION', '', '', '', '', ''),
(96, 'SIMPLEX INDUSTRIAL CORPORATION', '', '', '', '', ''),
(97, 'CAROL`S PACKAGING', '', '', '', '', ''),
(98, 'ANGEL BOXES', '', '', '', '', ''),
(99, 'PCWORX', '', '', '2F/ & 3/F GILMORE IT CENTER, GILMORE AVE. Q.C.', '', ''),
(100, 'CARDBOARD CO.', '', '', '', '', ''),
(101, 'OFFICE WAREHOUSE, INC.', '', '', '', '', ''),
(102, 'CLEANMORE INCORPORATED', '', '', '1934 DR. SIXTO ANTONIO., CANIOGAN PASIG CITY', '', ''),
(103, 'SARBEL ENTERPRISE', '8664-8015', '', '47-A FRANCE ST., BRGY DON BOSCO, PARANAQUE CITY', '', ''),
(104, 'SOLID LUMBER', '', '', '', '', ''),
(105, 'SUPER SONIC MANUFACTURING INC.', '', '', '', '', ''),
(106, 'C/O ROLLY ENRIQUEZ', '', '', '', '', ''),
(107, 'A.F. SA', '', '', '', '', ''),
(108, 'REDCAP AUTOHUB SPECIALIST INC.', '', '', '', '', ''),
(109, 'ECOSHIFT CORPORATION', '', '', '', '', ''),
(110, 'S&R', '', '', '', '', ''),
(111, 'WORK AT STORE INC.', '', '', '2F/3F GILMORE IT CENTER, GILMORE AVE. QUEZON CITY', '', ''),
(112, 'SGS PRIME COMMERCIAL', '733-1428', '', '759 SABINO PADILLA ST., BRGY. 293 ZONE 027 BINONDO', '', ''),
(113, 'EXCELLENT PRODUCTS ONTERNATIONAL CORP.', '', '', '', '', ''),
(114, 'PACC', NULL, NULL, NULL, NULL, NULL);

-- --------------------------------------------------------

--
-- Table structure for table `transaction_type`
--

CREATE TABLE `transaction_type` (
  `trans_type_id` int(50) NOT NULL,
  `trans_name` varchar(50) NOT NULL,
  `trans_code` varchar(50) NOT NULL
) ENGINE=InnoDB DEFAULT CHARSET=utf8mb4;

-- --------------------------------------------------------

--
-- Table structure for table `unit_tb`
--

CREATE TABLE `unit_tb` (
  `unit_id` int(250) NOT NULL,
  `unit_name` varchar(30) DEFAULT NULL
) ENGINE=InnoDB DEFAULT CHARSET=utf8mb4;

--
-- Dumping data for table `unit_tb`
--

INSERT INTO `unit_tb` (`unit_id`, `unit_name`) VALUES
(1, 'pcs'),
(2, 'bgs'),
(3, 'box'),
(4, 'can'),
(5, 'cnt'),
(6, 'drm'),
(7, 'ft'),
(8, 'gal'),
(9, 'grms'),
(10, 'kgs'),
(11, 'ltrs'),
(12, 'lttr'),
(13, 'ltts'),
(14, 'pad'),
(15, 'pr'),
(16, 'prs'),
(17, 'rls'),
(18, 'set'),
(19, 'sht'),
(20, 'mtr'),
(21, 'mtrs'),
(22, 'tank'),
(24, 'ml'),
(25, 'pck'),
(26, 'btl'),
(27, 'cc'),
(28, 'PAIL'),
(29, 'OZ'),
(30, 'lot');

-- --------------------------------------------------------

--
-- Table structure for table `user`
--

CREATE TABLE `user` (
  `user_id` int(11) NOT NULL,
  `user_name` varchar(128) NOT NULL,
  `user_pass` text NOT NULL,
  `user_level` int(11) NOT NULL
) ENGINE=InnoDB DEFAULT CHARSET=utf8mb4;

--
-- Dumping data for table `user`
--

INSERT INTO `user` (`user_id`, `user_name`, `user_pass`, `user_level`) VALUES
(1, 'daniel', '123456', 2),
(2, 'dave', '123456', 2),
(3, 'karl', '123456', 1);

--
-- Indexes for dumped tables
--

--
-- Indexes for table `bank`
--
ALTER TABLE `bank`
  ADD PRIMARY KEY (`bank_id`);

--
-- Indexes for table `cheque_payment`
--
ALTER TABLE `cheque_payment`
  ADD PRIMARY KEY (`cheque_payment_id`);

--
-- Indexes for table `class_tb`
--
ALTER TABLE `class_tb`
  ADD PRIMARY KEY (`class_id`);

--
-- Indexes for table `customers`
--
ALTER TABLE `customers`
  ADD PRIMARY KEY (`customers_id`);

--
-- Indexes for table `dept_tb`
--
ALTER TABLE `dept_tb`
  ADD PRIMARY KEY (`dept_id`);

--
-- Indexes for table `employee_tb`
--
ALTER TABLE `employee_tb`
  ADD PRIMARY KEY (`emp_id`);

--
-- Indexes for table `loc_tb`
--
ALTER TABLE `loc_tb`
  ADD PRIMARY KEY (`loc_id`);

--
-- Indexes for table `move_product`
--
ALTER TABLE `move_product`
  ADD PRIMARY KEY (`move_id`);

--
-- Indexes for table `move_type`
--
ALTER TABLE `move_type`
  ADD PRIMARY KEY (`mov_type_id`);

--
-- Indexes for table `online_payment`
--
ALTER TABLE `online_payment`
  ADD PRIMARY KEY (`online_payment_id`);

--
-- Indexes for table `online_platform`
--
ALTER TABLE `online_platform`
  ADD PRIMARY KEY (`online_platform_id`);

--
-- Indexes for table `order_payment`
--
ALTER TABLE `order_payment`
  ADD PRIMARY KEY (`order_payment_id`);

--
-- Indexes for table `order_product`
--
ALTER TABLE `order_product`
  ADD PRIMARY KEY (`product_id`,`order_id`);

--
-- Indexes for table `order_status`
--
ALTER TABLE `order_status`
  ADD PRIMARY KEY (`order_status_id`);

--
-- Indexes for table `order_tb`
--
ALTER TABLE `order_tb`
  ADD PRIMARY KEY (`order_id`);

--
-- Indexes for table `payment_status`
--
ALTER TABLE `payment_status`
  ADD PRIMARY KEY (`payment_status_id`);

--
-- Indexes for table `payment_type`
--
ALTER TABLE `payment_type`
  ADD PRIMARY KEY (`payment_type_id`);

--
-- Indexes for table `pinv_tb`
--
ALTER TABLE `pinv_tb`
  ADD PRIMARY KEY (`pinv_id`);

--
-- Indexes for table `po_product`
--
ALTER TABLE `po_product`
  ADD PRIMARY KEY (`product_id`,`po_id`);

--
-- Indexes for table `po_tb`
--
ALTER TABLE `po_tb`
  ADD PRIMARY KEY (`po_id`);

--
-- Indexes for table `product`
--
ALTER TABLE `product`
  ADD PRIMARY KEY (`product_id`);

--
-- Indexes for table `rcpt`
--
ALTER TABLE `rcpt`
  ADD PRIMARY KEY (`rcpt_id`);

--
-- Indexes for table `rcpt_type`
--
ALTER TABLE `rcpt_type`
  ADD PRIMARY KEY (`rcpt_type_id`);

--
-- Indexes for table `rcpt_type_number`
--
ALTER TABLE `rcpt_type_number`
  ADD PRIMARY KEY (`rcpt_type_id`,`rcpt_number`);

--
-- Indexes for table `srr_product`
--
ALTER TABLE `srr_product`
  ADD PRIMARY KEY (`product_id`,`srr_id`);

--
-- Indexes for table `srr_tb`
--
ALTER TABLE `srr_tb`
  ADD PRIMARY KEY (`srr_id`);

--
-- Indexes for table `stin_product`
--
ALTER TABLE `stin_product`
  ADD PRIMARY KEY (`product_id`,`stin_id`);

--
-- Indexes for table `stin_tb`
--
ALTER TABLE `stin_tb`
  ADD PRIMARY KEY (`stin_id`);

--
-- Indexes for table `stout_product`
--
ALTER TABLE `stout_product`
  ADD PRIMARY KEY (`product_id`,`stout_id`);

--
-- Indexes for table `stout_tb`
--
ALTER TABLE `stout_tb`
  ADD PRIMARY KEY (`stout_id`);

--
-- Indexes for table `sup_tb`
--
ALTER TABLE `sup_tb`
  ADD PRIMARY KEY (`sup_id`);

--
-- Indexes for table `transaction_type`
--
ALTER TABLE `transaction_type`
  ADD PRIMARY KEY (`trans_type_id`);

--
-- Indexes for table `unit_tb`
--
ALTER TABLE `unit_tb`
  ADD PRIMARY KEY (`unit_id`);

--
-- Indexes for table `user`
--
ALTER TABLE `user`
  ADD PRIMARY KEY (`user_id`);

--
-- AUTO_INCREMENT for dumped tables
--

--
-- AUTO_INCREMENT for table `bank`
--
ALTER TABLE `bank`
  MODIFY `bank_id` int(30) NOT NULL AUTO_INCREMENT, AUTO_INCREMENT=12;

--
-- AUTO_INCREMENT for table `class_tb`
--
ALTER TABLE `class_tb`
  MODIFY `class_id` int(250) NOT NULL AUTO_INCREMENT, AUTO_INCREMENT=313;

--
-- AUTO_INCREMENT for table `customers`
--
ALTER TABLE `customers`
  MODIFY `customers_id` int(11) NOT NULL AUTO_INCREMENT, AUTO_INCREMENT=1437;

--
-- AUTO_INCREMENT for table `dept_tb`
--
ALTER TABLE `dept_tb`
  MODIFY `dept_id` int(250) NOT NULL AUTO_INCREMENT, AUTO_INCREMENT=10;

--
-- AUTO_INCREMENT for table `employee_tb`
--
ALTER TABLE `employee_tb`
  MODIFY `emp_id` int(11) NOT NULL AUTO_INCREMENT, AUTO_INCREMENT=11;

--
-- AUTO_INCREMENT for table `loc_tb`
--
ALTER TABLE `loc_tb`
  MODIFY `loc_id` int(250) NOT NULL AUTO_INCREMENT, AUTO_INCREMENT=237;

--
-- AUTO_INCREMENT for table `move_product`
--
ALTER TABLE `move_product`
  MODIFY `move_id` int(30) NOT NULL AUTO_INCREMENT, AUTO_INCREMENT=3;

--
-- AUTO_INCREMENT for table `move_type`
--
ALTER TABLE `move_type`
  MODIFY `mov_type_id` int(20) NOT NULL AUTO_INCREMENT;

--
-- AUTO_INCREMENT for table `order_payment`
--
ALTER TABLE `order_payment`
  MODIFY `order_payment_id` int(50) NOT NULL AUTO_INCREMENT, AUTO_INCREMENT=8;

--
-- AUTO_INCREMENT for table `order_status`
--
ALTER TABLE `order_status`
  MODIFY `order_status_id` int(11) NOT NULL AUTO_INCREMENT, AUTO_INCREMENT=5;

--
-- AUTO_INCREMENT for table `order_tb`
--
ALTER TABLE `order_tb`
  MODIFY `order_id` int(50) NOT NULL AUTO_INCREMENT, AUTO_INCREMENT=5;

--
-- AUTO_INCREMENT for table `product`
--
ALTER TABLE `product`
  MODIFY `product_id` int(255) NOT NULL AUTO_INCREMENT, AUTO_INCREMENT=11676;

--
-- AUTO_INCREMENT for table `srr_tb`
--
ALTER TABLE `srr_tb`
  MODIFY `srr_id` int(255) NOT NULL AUTO_INCREMENT;

--
-- AUTO_INCREMENT for table `sup_tb`
--
ALTER TABLE `sup_tb`
  MODIFY `sup_id` int(20) NOT NULL AUTO_INCREMENT, AUTO_INCREMENT=115;

--
-- AUTO_INCREMENT for table `unit_tb`
--
ALTER TABLE `unit_tb`
  MODIFY `unit_id` int(250) NOT NULL AUTO_INCREMENT, AUTO_INCREMENT=31;

--
-- AUTO_INCREMENT for table `user`
--
ALTER TABLE `user`
  MODIFY `user_id` int(11) NOT NULL AUTO_INCREMENT, AUTO_INCREMENT=4;
COMMIT;

/*!40101 SET CHARACTER_SET_CLIENT=@OLD_CHARACTER_SET_CLIENT */;
/*!40101 SET CHARACTER_SET_RESULTS=@OLD_CHARACTER_SET_RESULTS */;
/*!40101 SET COLLATION_CONNECTION=@OLD_COLLATION_CONNECTION */;
